{
"meta":{"test_sets":[],"test_metrics":[],"learn_metrics":[{"best_value":"Min","name":"Logloss"}],"launch_mode":"Train","parameters":"","iteration_count":1000,"learn_sets":["learn"],"name":"experiment"},
"iterations":[
{"learn":[0.6768787944],"iteration":0,"passed_time":0.05841474735,"remaining_time":58.3563326},
{"learn":[0.6625370483],"iteration":1,"passed_time":0.06999750802,"remaining_time":34.9287565},
{"learn":[0.6505443726],"iteration":2,"passed_time":0.07957006466,"remaining_time":26.44378482},
{"learn":[0.6401670736],"iteration":3,"passed_time":0.08991654031,"remaining_time":22.38921854},
{"learn":[0.6304428101],"iteration":4,"passed_time":0.09609594672,"remaining_time":19.1230934},
{"learn":[0.6221036428],"iteration":5,"passed_time":0.1016124713,"remaining_time":16.83379941},
{"learn":[0.6148410695],"iteration":6,"passed_time":0.1070854404,"remaining_time":15.19083462},
{"learn":[0.6083106486],"iteration":7,"passed_time":0.1125175721,"remaining_time":13.95217893},
{"learn":[0.602411499],"iteration":8,"passed_time":0.1178023339,"remaining_time":12.97134588},
{"learn":[0.5970799611],"iteration":9,"passed_time":0.123331929,"remaining_time":12.20986098},
{"learn":[0.5922642975],"iteration":10,"passed_time":0.1285561751,"remaining_time":11.55836884},
{"learn":[0.5876903432],"iteration":11,"passed_time":0.1341694719,"remaining_time":11.04661985},
{"learn":[0.5836093241],"iteration":12,"passed_time":0.139865403,"remaining_time":10.61901175},
{"learn":[0.5799249471],"iteration":13,"passed_time":0.1454464875,"remaining_time":10.24358833},
{"learn":[0.576618515],"iteration":14,"passed_time":0.1506685059,"remaining_time":9.893898553},
{"learn":[0.5735492045],"iteration":15,"passed_time":0.155684469,"remaining_time":9.574594846},
{"learn":[0.5708252157],"iteration":16,"passed_time":0.1612580951,"remaining_time":9.324512203},
{"learn":[0.5682608439],"iteration":17,"passed_time":0.1668952786,"remaining_time":9.105064643},
{"learn":[0.5658951314],"iteration":18,"passed_time":0.1723633995,"remaining_time":8.899394469},
{"learn":[0.563816391],"iteration":19,"passed_time":0.1780353805,"remaining_time":8.723733645},
{"learn":[0.5617699941],"iteration":20,"passed_time":0.1833763003,"remaining_time":8.548828474},
{"learn":[0.5599028015],"iteration":21,"passed_time":0.1887134257,"remaining_time":8.38916956},
{"learn":[0.5582561544],"iteration":22,"passed_time":0.1960908995,"remaining_time":8.329600385},
{"learn":[0.5566784668],"iteration":23,"passed_time":0.2027182392,"remaining_time":8.243875062},
{"learn":[0.5552224375],"iteration":24,"passed_time":0.2096385521,"remaining_time":8.175903533},
{"learn":[0.5538359019],"iteration":25,"passed_time":0.2180428678,"remaining_time":8.168221278},
{"learn":[0.5523458303],"iteration":26,"passed_time":0.2234458623,"remaining_time":8.052326815},
{"learn":[0.5510105845],"iteration":27,"passed_time":0.2289497651,"remaining_time":7.94782756},
{"learn":[0.5498833313],"iteration":28,"passed_time":0.2345059855,"remaining_time":7.851907307},
{"learn":[0.5487568258],"iteration":29,"passed_time":0.2402918913,"remaining_time":7.76943782},
{"learn":[0.5473368683],"iteration":30,"passed_time":0.2466868562,"remaining_time":7.710953667},
{"learn":[0.5458845622],"iteration":31,"passed_time":0.2536681418,"remaining_time":7.673461288},
{"learn":[0.544951767],"iteration":32,"passed_time":0.2606708633,"remaining_time":7.638446206},
{"learn":[0.5440123393],"iteration":33,"passed_time":0.2679765917,"remaining_time":7.61368787},
{"learn":[0.5431250203],"iteration":34,"passed_time":0.2751208883,"remaining_time":7.58547592},
{"learn":[0.5420310923],"iteration":35,"passed_time":0.2811784343,"remaining_time":7.529333629},
{"learn":[0.5412461497],"iteration":36,"passed_time":0.2876264533,"remaining_time":7.486061473},
{"learn":[0.5404692078],"iteration":37,"passed_time":0.2951914715,"remaining_time":7.473005146},
{"learn":[0.5397538045],"iteration":38,"passed_time":0.3018724661,"remaining_time":7.438447178},
{"learn":[0.5389953817],"iteration":39,"passed_time":0.3077418946,"remaining_time":7.38580547},
{"learn":[0.5383084259],"iteration":40,"passed_time":0.3141840601,"remaining_time":7.348841795},
{"learn":[0.5371505534],"iteration":41,"passed_time":0.3201042947,"remaining_time":7.301426531},
{"learn":[0.536449707],"iteration":42,"passed_time":0.3257105574,"remaining_time":7.248953568},
{"learn":[0.5358236898],"iteration":43,"passed_time":0.3311999738,"remaining_time":7.196072158},
{"learn":[0.5349799703],"iteration":44,"passed_time":0.3367575599,"remaining_time":7.146743771},
{"learn":[0.5343044891],"iteration":45,"passed_time":0.3422626285,"remaining_time":7.098229295},
{"learn":[0.5337896627],"iteration":46,"passed_time":0.3476321121,"remaining_time":7.048795806},
{"learn":[0.5326534526],"iteration":47,"passed_time":0.3532296108,"remaining_time":7.005720614},
{"learn":[0.5319776306],"iteration":48,"passed_time":0.358649411,"remaining_time":6.960726324},
{"learn":[0.5314983622],"iteration":49,"passed_time":0.3641648206,"remaining_time":6.919131591},
{"learn":[0.5309298147],"iteration":50,"passed_time":0.3697243781,"remaining_time":6.879773232},
{"learn":[0.5300264079],"iteration":51,"passed_time":0.3753134522,"remaining_time":6.842252936},
{"learn":[0.5296713308],"iteration":52,"passed_time":0.3801801584,"remaining_time":6.793030377},
{"learn":[0.5288796132],"iteration":53,"passed_time":0.3856428427,"remaining_time":6.755891282},
{"learn":[0.5284386749],"iteration":54,"passed_time":0.3912102153,"remaining_time":6.72170279},
{"learn":[0.5277029215],"iteration":55,"passed_time":0.3978821295,"remaining_time":6.707155898},
{"learn":[0.527340449],"iteration":56,"passed_time":0.406065255,"remaining_time":6.717886587},
{"learn":[0.526664566],"iteration":57,"passed_time":0.4143586094,"remaining_time":6.729755346},
{"learn":[0.5261787465],"iteration":58,"passed_time":0.42085879,"remaining_time":6.712341041},
{"learn":[0.5257137044],"iteration":59,"passed_time":0.426499928,"remaining_time":6.681832205},
{"learn":[0.524886968],"iteration":60,"passed_time":0.432224949,"remaining_time":6.653429952},
{"learn":[0.5243054047],"iteration":61,"passed_time":0.4378646196,"remaining_time":6.624467955},
{"learn":[0.5235927836],"iteration":62,"passed_time":0.4435240982,"remaining_time":6.596540952},
{"learn":[0.5228133545],"iteration":63,"passed_time":0.4489057072,"remaining_time":6.565245967},
{"learn":[0.5225493774],"iteration":64,"passed_time":0.4539443566,"remaining_time":6.529814975},
{"learn":[0.5219725494],"iteration":65,"passed_time":0.4594470956,"remaining_time":6.501872534},
{"learn":[0.521203186],"iteration":66,"passed_time":0.4650458246,"remaining_time":6.475936632},
{"learn":[0.5209743042],"iteration":67,"passed_time":0.470421465,"remaining_time":6.447541255},
{"learn":[0.5207341461],"iteration":68,"passed_time":0.4754482257,"remaining_time":6.415105769},
{"learn":[0.5197784831],"iteration":69,"passed_time":0.4808019601,"remaining_time":6.387797469},
{"learn":[0.5196059875],"iteration":70,"passed_time":0.4859270018,"remaining_time":6.358115277},
{"learn":[0.519359731],"iteration":71,"passed_time":0.4916823221,"remaining_time":6.337238818},
{"learn":[0.5186909841],"iteration":72,"passed_time":0.4970778074,"remaining_time":6.312207225},
{"learn":[0.5184470113],"iteration":73,"passed_time":0.5026938321,"remaining_time":6.290466061},
{"learn":[0.5182262014],"iteration":74,"passed_time":0.5081200282,"remaining_time":6.266813681},
{"learn":[0.5180211741],"iteration":75,"passed_time":0.513623588,"remaining_time":6.244581517},
{"learn":[0.5178420868],"iteration":76,"passed_time":0.5190723951,"remaining_time":6.222127542},
{"learn":[0.5176400604],"iteration":77,"passed_time":0.5245652011,"remaining_time":6.200629685},
{"learn":[0.5173835246],"iteration":78,"passed_time":0.530511572,"remaining_time":6.184824783},
{"learn":[0.5172199148],"iteration":79,"passed_time":0.5355341677,"remaining_time":6.158642928},
{"learn":[0.5170060425],"iteration":80,"passed_time":0.5410562985,"remaining_time":6.138651091},
{"learn":[0.5164993998],"iteration":81,"passed_time":0.5475774342,"remaining_time":6.130196153},
{"learn":[0.5163157603],"iteration":82,"passed_time":0.5532547881,"remaining_time":6.11246555},
{"learn":[0.5159434458],"iteration":83,"passed_time":0.5588287536,"remaining_time":6.093894504},
{"learn":[0.5153801778],"iteration":84,"passed_time":0.5643343337,"remaining_time":6.074893121},
{"learn":[0.5152204437],"iteration":85,"passed_time":0.5699600728,"remaining_time":6.057482634},
{"learn":[0.5148448079],"iteration":86,"passed_time":0.575614805,"remaining_time":6.040647322},
{"learn":[0.5139539693],"iteration":87,"passed_time":0.5810142743,"remaining_time":6.021420661},
{"learn":[0.5138366597],"iteration":88,"passed_time":0.5863881069,"remaining_time":6.002242308},
{"learn":[0.5135580648],"iteration":89,"passed_time":0.5918763759,"remaining_time":5.9845278},
{"learn":[0.5131650848],"iteration":90,"passed_time":0.5989091228,"remaining_time":5.982509809},
{"learn":[0.5130299479],"iteration":91,"passed_time":0.605501948,"remaining_time":5.976040965},
{"learn":[0.5129290263],"iteration":92,"passed_time":0.612508151,"remaining_time":5.973600999},
{"learn":[0.5123720245],"iteration":93,"passed_time":0.6226030751,"remaining_time":6.000833894},
{"learn":[0.5122592265],"iteration":94,"passed_time":0.6286503286,"remaining_time":5.988721551},
{"learn":[0.5115598043],"iteration":95,"passed_time":0.6345226274,"remaining_time":5.975088074},
{"learn":[0.5112234955],"iteration":96,"passed_time":0.6401104717,"remaining_time":5.958966556},
{"learn":[0.5111101939],"iteration":97,"passed_time":0.6450159613,"remaining_time":5.936779562},
{"learn":[0.5108739319],"iteration":98,"passed_time":0.6506312125,"remaining_time":5.921401237},
{"learn":[0.5107584534],"iteration":99,"passed_time":0.6557138886,"remaining_time":5.901424998},
{"learn":[0.5106407216],"iteration":100,"passed_time":0.6612785403,"remaining_time":5.88603374},
{"learn":[0.5105435181],"iteration":101,"passed_time":0.6668428374,"remaining_time":5.870832039},
{"learn":[0.5104486949],"iteration":102,"passed_time":0.6725519307,"remaining_time":5.857078464},
{"learn":[0.510195577],"iteration":103,"passed_time":0.6783585076,"remaining_time":5.84431945},
{"learn":[0.5099214935],"iteration":104,"passed_time":0.6840527084,"remaining_time":5.830734991},
{"learn":[0.509647522],"iteration":105,"passed_time":0.6897627658,"remaining_time":5.817433138},
{"learn":[0.5089665578],"iteration":106,"passed_time":0.6953985675,"remaining_time":5.803653466},
{"learn":[0.5081905212],"iteration":107,"passed_time":0.7010797977,"remaining_time":5.790399811},
{"learn":[0.5076516418],"iteration":108,"passed_time":0.7073565522,"remaining_time":5.782153101},
{"learn":[0.5071165619],"iteration":109,"passed_time":0.7170816052,"remaining_time":5.801842079},
{"learn":[0.5069242045],"iteration":110,"passed_time":0.7242585549,"remaining_time":5.800593291},
{"learn":[0.5067802684],"iteration":111,"passed_time":0.7336544066,"remaining_time":5.816831366},
{"learn":[0.5066219686],"iteration":112,"passed_time":0.7439290114,"remaining_time":5.839513567},
{"learn":[0.5062417755],"iteration":113,"passed_time":0.7591546931,"remaining_time":5.900097001},
{"learn":[0.5059583232],"iteration":114,"passed_time":0.7689720939,"remaining_time":5.917741766},
{"learn":[0.5051510976],"iteration":115,"passed_time":0.7847851903,"remaining_time":5.980604382},
{"learn":[0.5048803151],"iteration":116,"passed_time":0.8041473281,"remaining_time":6.068906759},
{"learn":[0.504630722],"iteration":117,"passed_time":0.820749366,"remaining_time":6.134753735},
{"learn":[0.5039478353],"iteration":118,"passed_time":0.8309230773,"remaining_time":6.151623791},
{"learn":[0.503637085],"iteration":119,"passed_time":0.8428597105,"remaining_time":6.18097121},
{"learn":[0.5035500743],"iteration":120,"passed_time":0.8530096785,"remaining_time":6.196657086},
{"learn":[0.5034653015],"iteration":121,"passed_time":0.8607004096,"remaining_time":6.19422098},
{"learn":[0.5033888957],"iteration":122,"passed_time":0.8689953438,"remaining_time":6.196007451},
{"learn":[0.5032690074],"iteration":123,"passed_time":0.8748603719,"remaining_time":6.180465208},
{"learn":[0.5031564229],"iteration":124,"passed_time":0.8804669204,"remaining_time":6.163268443},
{"learn":[0.5027729645],"iteration":125,"passed_time":0.8859356843,"remaining_time":6.145299905},
{"learn":[0.5026726278],"iteration":126,"passed_time":0.8915694214,"remaining_time":6.128662243},
{"learn":[0.5025794678],"iteration":127,"passed_time":0.8971747083,"remaining_time":6.1120027},
{"learn":[0.5022598216],"iteration":128,"passed_time":0.9027488307,"remaining_time":6.095304121},
{"learn":[0.5020727336],"iteration":129,"passed_time":0.9084832324,"remaining_time":6.079849325},
{"learn":[0.5015501658],"iteration":130,"passed_time":0.9140169874,"remaining_time":6.063211924},
{"learn":[0.5011701406],"iteration":131,"passed_time":0.919773458,"remaining_time":6.048207285},
{"learn":[0.5008795064],"iteration":132,"passed_time":0.9252824631,"remaining_time":6.031728537},
{"learn":[0.5004982452],"iteration":133,"passed_time":0.9312666767,"remaining_time":6.018484642},
{"learn":[0.4999659373],"iteration":134,"passed_time":0.936994904,"remaining_time":6.003708088},
{"learn":[0.4991733144],"iteration":135,"passed_time":0.9427546128,"remaining_time":5.989264599},
{"learn":[0.4990681],"iteration":136,"passed_time":0.9484123485,"remaining_time":5.974305524},
{"learn":[0.4988900909],"iteration":137,"passed_time":0.9541898706,"remaining_time":5.960229481},
{"learn":[0.4983162435],"iteration":138,"passed_time":0.9597462845,"remaining_time":5.944903244},
{"learn":[0.4982602336],"iteration":139,"passed_time":0.9654423863,"remaining_time":5.930574659},
{"learn":[0.4980099233],"iteration":140,"passed_time":0.9710137612,"remaining_time":5.915608659},
{"learn":[0.4977724813],"iteration":141,"passed_time":0.9768023178,"remaining_time":5.902087244},
{"learn":[0.4976983795],"iteration":142,"passed_time":0.9824818508,"remaining_time":5.888020602},
{"learn":[0.4974988251],"iteration":143,"passed_time":0.9880903688,"remaining_time":5.873648304},
{"learn":[0.497340093],"iteration":144,"passed_time":0.9935583615,"remaining_time":5.858568269},
{"learn":[0.4971384379],"iteration":145,"passed_time":0.9990541779,"remaining_time":5.843782657},
{"learn":[0.4966605174],"iteration":146,"passed_time":1.005919785,"remaining_time":5.837071947},
{"learn":[0.4965498505],"iteration":147,"passed_time":1.013225684,"remaining_time":5.832893802},
{"learn":[0.4963572032],"iteration":148,"passed_time":1.020930564,"remaining_time":5.830952414},
{"learn":[0.4956245575],"iteration":149,"passed_time":1.027940561,"remaining_time":5.824996511},
{"learn":[0.4952362315],"iteration":150,"passed_time":1.033575651,"remaining_time":5.811296211},
{"learn":[0.4949111328],"iteration":151,"passed_time":1.039320886,"remaining_time":5.798316523},
{"learn":[0.4947657776],"iteration":152,"passed_time":1.045027247,"remaining_time":5.785216196},
{"learn":[0.4946932017],"iteration":153,"passed_time":1.050714224,"remaining_time":5.772105414},
{"learn":[0.494578064],"iteration":154,"passed_time":1.05642442,"remaining_time":5.759216998},
{"learn":[0.4943685455],"iteration":155,"passed_time":1.062725885,"remaining_time":5.749619529},
{"learn":[0.4939893341],"iteration":156,"passed_time":1.068295045,"remaining_time":5.736131993},
{"learn":[0.493139267],"iteration":157,"passed_time":1.07467846,"remaining_time":5.727083947},
{"learn":[0.4919849701],"iteration":158,"passed_time":1.080566786,"remaining_time":5.715450735},
{"learn":[0.4908626353],"iteration":159,"passed_time":1.086363153,"remaining_time":5.703406553},
{"learn":[0.4906636302],"iteration":160,"passed_time":1.091980653,"remaining_time":5.690507873},
{"learn":[0.4905774078],"iteration":161,"passed_time":1.097383685,"remaining_time":5.676589681},
{"learn":[0.4897502848],"iteration":162,"passed_time":1.103217612,"remaining_time":5.664988595},
{"learn":[0.4896661987],"iteration":163,"passed_time":1.108682268,"remaining_time":5.651575464},
{"learn":[0.488456014],"iteration":164,"passed_time":1.114437668,"remaining_time":5.639730015},
{"learn":[0.4883815664],"iteration":165,"passed_time":1.119954133,"remaining_time":5.626757513},
{"learn":[0.4878785655],"iteration":166,"passed_time":1.125399891,"remaining_time":5.613521612},
{"learn":[0.4861773122],"iteration":167,"passed_time":1.13120784,"remaining_time":5.602172162},
{"learn":[0.4843986308],"iteration":168,"passed_time":1.13668157,"remaining_time":5.589244879},
{"learn":[0.4828531494],"iteration":169,"passed_time":1.142340318,"remaining_time":5.577308612},
{"learn":[0.4813312683],"iteration":170,"passed_time":1.147910795,"remaining_time":5.565017832},
{"learn":[0.4803136597],"iteration":171,"passed_time":1.153317874,"remaining_time":5.552018602},
{"learn":[0.4792862193],"iteration":172,"passed_time":1.158920378,"remaining_time":5.540041344},
{"learn":[0.4785448608],"iteration":173,"passed_time":1.164190637,"remaining_time":5.526560148},
{"learn":[0.4783414714],"iteration":174,"passed_time":1.169630284,"remaining_time":5.513971337},
{"learn":[0.4774673665],"iteration":175,"passed_time":1.175224869,"remaining_time":5.502189158},
{"learn":[0.4763635305],"iteration":176,"passed_time":1.18145575,"remaining_time":5.493435492},
{"learn":[0.4753179728],"iteration":177,"passed_time":1.186992339,"remaining_time":5.48150395},
{"learn":[0.4750767415],"iteration":178,"passed_time":1.192399422,"remaining_time":5.469049864},
{"learn":[0.4746491292],"iteration":179,"passed_time":1.197866381,"remaining_time":5.456946846},
{"learn":[0.4740152028],"iteration":180,"passed_time":1.203829325,"remaining_time":5.44716142},
{"learn":[0.4737565104],"iteration":181,"passed_time":1.210524971,"remaining_time":5.440711135},
{"learn":[0.4736475169],"iteration":182,"passed_time":1.216432174,"remaining_time":5.430738175},
{"learn":[0.4729313558],"iteration":183,"passed_time":1.221905057,"remaining_time":5.418883298},
{"learn":[0.4726628774],"iteration":184,"passed_time":1.227306695,"remaining_time":5.406783546},
{"learn":[0.4722662557],"iteration":185,"passed_time":1.23269076,"remaining_time":5.394678918},
{"learn":[0.4720858866],"iteration":186,"passed_time":1.238104839,"remaining_time":5.382776653},
{"learn":[0.471947876],"iteration":187,"passed_time":1.243561354,"remaining_time":5.371126698},
{"learn":[0.4714462738],"iteration":188,"passed_time":1.249173278,"remaining_time":5.360209145},
{"learn":[0.4713011373],"iteration":189,"passed_time":1.254657683,"remaining_time":5.348803807},
{"learn":[0.4711908315],"iteration":190,"passed_time":1.260282788,"remaining_time":5.338056418},
{"learn":[0.4697381439],"iteration":191,"passed_time":1.265822263,"remaining_time":5.327002025},
{"learn":[0.4691081848],"iteration":192,"passed_time":1.271282238,"remaining_time":5.315672362},
{"learn":[0.4688900909],"iteration":193,"passed_time":1.276851643,"remaining_time":5.304857857},
{"learn":[0.468541921],"iteration":194,"passed_time":1.282412384,"remaining_time":5.294061381},
{"learn":[0.4681670125],"iteration":195,"passed_time":1.287877866,"remaining_time":5.282927574},
{"learn":[0.4668689168],"iteration":196,"passed_time":1.293595654,"remaining_time":5.272879745},
{"learn":[0.4667745209],"iteration":197,"passed_time":1.29911259,"remaining_time":5.262062108},
{"learn":[0.4662422384],"iteration":198,"passed_time":1.304867452,"remaining_time":5.252255423},
{"learn":[0.4656947021],"iteration":199,"passed_time":1.310297635,"remaining_time":5.241190538},
{"learn":[0.4651902568],"iteration":200,"passed_time":1.315802853,"remaining_time":5.230479996},
{"learn":[0.4644862162],"iteration":201,"passed_time":1.321283437,"remaining_time":5.219723676},
{"learn":[0.4643939463],"iteration":202,"passed_time":1.326875616,"remaining_time":5.209457467},
{"learn":[0.4639979045],"iteration":203,"passed_time":1.332381652,"remaining_time":5.198900958},
{"learn":[0.4634674174],"iteration":204,"passed_time":1.33779315,"remaining_time":5.188027094},
{"learn":[0.4632706757],"iteration":205,"passed_time":1.34319174,"remaining_time":5.177156513},
{"learn":[0.4631761525],"iteration":206,"passed_time":1.348698298,"remaining_time":5.166752417},
{"learn":[0.462331604],"iteration":207,"passed_time":1.354472256,"remaining_time":5.157413591},
{"learn":[0.4621642812],"iteration":208,"passed_time":1.359829347,"remaining_time":5.146531164},
{"learn":[0.4619950205],"iteration":209,"passed_time":1.365115562,"remaining_time":5.135434733},
{"learn":[0.4617060903],"iteration":210,"passed_time":1.370534972,"remaining_time":5.124891436},
{"learn":[0.4613255361],"iteration":211,"passed_time":1.376030545,"remaining_time":5.114679571},
{"learn":[0.4612206675],"iteration":212,"passed_time":1.381535537,"remaining_time":5.104546795},
{"learn":[0.46108697],"iteration":213,"passed_time":1.386914634,"remaining_time":5.093994871},
{"learn":[0.460992513],"iteration":214,"passed_time":1.392277443,"remaining_time":5.083431596},
{"learn":[0.4608654073],"iteration":215,"passed_time":1.397733158,"remaining_time":5.073253685},
{"learn":[0.4605582326],"iteration":216,"passed_time":1.404168911,"remaining_time":5.066655563},
{"learn":[0.4596379395],"iteration":217,"passed_time":1.410919952,"remaining_time":5.061189919},
{"learn":[0.4595543467],"iteration":218,"passed_time":1.425507356,"remaining_time":5.083658653},
{"learn":[0.4590415904],"iteration":219,"passed_time":1.439659327,"remaining_time":5.104246703},
{"learn":[0.4589473877],"iteration":220,"passed_time":1.448315706,"remaining_time":5.105149026},
{"learn":[0.4587991587],"iteration":221,"passed_time":1.455601581,"remaining_time":5.101162296},
{"learn":[0.4587015635],"iteration":222,"passed_time":1.46134924,"remaining_time":5.091786365},
{"learn":[0.4586119486],"iteration":223,"passed_time":1.466947438,"remaining_time":5.081925054},
{"learn":[0.4583517609],"iteration":224,"passed_time":1.472634422,"remaining_time":5.072407453},
{"learn":[0.458236084],"iteration":225,"passed_time":1.478199478,"remaining_time":5.062506177},
{"learn":[0.4578778025],"iteration":226,"passed_time":1.483743493,"remaining_time":5.052571453},
{"learn":[0.4571250966],"iteration":227,"passed_time":1.489286532,"remaining_time":5.04267194},
{"learn":[0.4569124705],"iteration":228,"passed_time":1.494867224,"remaining_time":5.032937249},
{"learn":[0.4568139903],"iteration":229,"passed_time":1.500395638,"remaining_time":5.023063657},
{"learn":[0.4567160238],"iteration":230,"passed_time":1.505932289,"remaining_time":5.013255111},
{"learn":[0.4565839844],"iteration":231,"passed_time":1.51138682,"remaining_time":5.003211543},
{"learn":[0.4564945526],"iteration":232,"passed_time":1.51686618,"remaining_time":4.9932891},
{"learn":[0.4561685181],"iteration":233,"passed_time":1.522160617,"remaining_time":4.982799285},
{"learn":[0.4560767924],"iteration":234,"passed_time":1.52767502,"remaining_time":4.973069744},
{"learn":[0.4557245229],"iteration":235,"passed_time":1.533120273,"remaining_time":4.963152071},
{"learn":[0.4556301473],"iteration":236,"passed_time":1.5386043,"remaining_time":4.953396965},
{"learn":[0.4554412791],"iteration":237,"passed_time":1.544030086,"remaining_time":4.943491284},
{"learn":[0.4552854818],"iteration":238,"passed_time":1.549555974,"remaining_time":4.933941825},
{"learn":[0.4552100627],"iteration":239,"passed_time":1.555082953,"remaining_time":4.924429352},
{"learn":[0.4550639191],"iteration":240,"passed_time":1.560598173,"remaining_time":4.914912917},
{"learn":[0.4549067841],"iteration":241,"passed_time":1.565995525,"remaining_time":4.905060362},
{"learn":[0.454825943],"iteration":242,"passed_time":1.571646317,"remaining_time":4.896034},
{"learn":[0.4546808624],"iteration":243,"passed_time":1.577226117,"remaining_time":4.886815346},
{"learn":[0.4546140086],"iteration":244,"passed_time":1.582450857,"remaining_time":4.876532231},
{"learn":[0.4544772288],"iteration":245,"passed_time":1.587802928,"remaining_time":4.86668052},
{"learn":[0.4542048289],"iteration":246,"passed_time":1.59318861,"remaining_time":4.856967704},
{"learn":[0.4541294556],"iteration":247,"passed_time":1.598746576,"remaining_time":4.847812198},
{"learn":[0.453969106],"iteration":248,"passed_time":1.605510428,"remaining_time":4.842322617},
{"learn":[0.4538398743],"iteration":249,"passed_time":1.611915096,"remaining_time":4.835745287},
{"learn":[0.4534542999],"iteration":250,"passed_time":1.617582448,"remaining_time":4.826969137},
{"learn":[0.4533874156],"iteration":251,"passed_time":1.623044622,"remaining_time":4.81760864},
{"learn":[0.4527459361],"iteration":252,"passed_time":1.628935169,"remaining_time":4.809543759},
{"learn":[0.4525372569],"iteration":253,"passed_time":1.634365832,"remaining_time":4.800145318},
{"learn":[0.4523551839],"iteration":254,"passed_time":1.63970371,"remaining_time":4.790506918},
{"learn":[0.4517442576],"iteration":255,"passed_time":1.645438794,"remaining_time":4.782056495},
{"learn":[0.4516326955],"iteration":256,"passed_time":1.650921367,"remaining_time":4.772897183},
{"learn":[0.4513323212],"iteration":257,"passed_time":1.656362194,"remaining_time":4.763646309},
{"learn":[0.4512486674],"iteration":258,"passed_time":1.662062596,"remaining_time":4.755167504},
{"learn":[0.4510504303],"iteration":259,"passed_time":1.667571246,"remaining_time":4.746164314},
{"learn":[0.4509664612],"iteration":260,"passed_time":1.672973094,"remaining_time":4.736885504},
{"learn":[0.4508000641],"iteration":261,"passed_time":1.678327673,"remaining_time":4.727503141},
{"learn":[0.4505992279],"iteration":262,"passed_time":1.683657986,"remaining_time":4.718083406},
{"learn":[0.4505266469],"iteration":263,"passed_time":1.689061985,"remaining_time":4.708900079},
{"learn":[0.4504508362],"iteration":264,"passed_time":1.694275,"remaining_time":4.699215567},
{"learn":[0.4503637187],"iteration":265,"passed_time":1.699847842,"remaining_time":4.690557578},
{"learn":[0.4502098083],"iteration":266,"passed_time":1.705192139,"remaining_time":4.681295272},
{"learn":[0.4498445994],"iteration":267,"passed_time":1.710785851,"remaining_time":4.672743445},
{"learn":[0.4497694499],"iteration":268,"passed_time":1.716299527,"remaining_time":4.663996111},
{"learn":[0.4495341136],"iteration":269,"passed_time":1.721745906,"remaining_time":4.655090783},
{"learn":[0.4494603017],"iteration":270,"passed_time":1.727311538,"remaining_time":4.646531775},
{"learn":[0.4494083761],"iteration":271,"passed_time":1.732557935,"remaining_time":4.637140357},
{"learn":[0.4491718445],"iteration":272,"passed_time":1.738039764,"remaining_time":4.628406257},
{"learn":[0.4479375509],"iteration":273,"passed_time":1.743670408,"remaining_time":4.620090205},
{"learn":[0.4478542735],"iteration":274,"passed_time":1.749868486,"remaining_time":4.613289646},
{"learn":[0.4476737111],"iteration":275,"passed_time":1.75561893,"remaining_time":4.605319223},
{"learn":[0.4475248108],"iteration":276,"passed_time":1.761136804,"remaining_time":4.596757796},
{"learn":[0.4474423472],"iteration":277,"passed_time":1.766707349,"remaining_time":4.588355058},
{"learn":[0.4473673452],"iteration":278,"passed_time":1.772099273,"remaining_time":4.579511024},
{"learn":[0.4471631724],"iteration":279,"passed_time":1.777606555,"remaining_time":4.570988284},
{"learn":[0.4467607676],"iteration":280,"passed_time":1.783134947,"remaining_time":4.56254102},
{"learn":[0.4460479533],"iteration":281,"passed_time":1.788840089,"remaining_time":4.554564482},
{"learn":[0.4459297587],"iteration":282,"passed_time":1.794357279,"remaining_time":4.546127805},
{"learn":[0.4458322906],"iteration":283,"passed_time":1.79968788,"remaining_time":4.537241274},
{"learn":[0.4456950328],"iteration":284,"passed_time":1.806361157,"remaining_time":4.531748165},
{"learn":[0.4456295878],"iteration":285,"passed_time":1.813077924,"remaining_time":4.526355376},
{"learn":[0.44543573],"iteration":286,"passed_time":1.818981885,"remaining_time":4.518934091},
{"learn":[0.4448004557],"iteration":287,"passed_time":1.824726706,"remaining_time":4.511129912},
{"learn":[0.4445551351],"iteration":288,"passed_time":1.830121257,"remaining_time":4.502478247},
{"learn":[0.4444835612],"iteration":289,"passed_time":1.835632895,"remaining_time":4.494135709},
{"learn":[0.4443666484],"iteration":290,"passed_time":1.840916172,"remaining_time":4.485256239},
{"learn":[0.4437151184],"iteration":291,"passed_time":1.846852573,"remaining_time":4.477985006},
{"learn":[0.4436417796],"iteration":292,"passed_time":1.852300516,"remaining_time":4.46954425},
{"learn":[0.4435733439],"iteration":293,"passed_time":1.857914518,"remaining_time":4.461522617},
{"learn":[0.4425699768],"iteration":294,"passed_time":1.863587362,"remaining_time":4.453657933},
{"learn":[0.4423376109],"iteration":295,"passed_time":1.869264746,"remaining_time":4.445818854},
{"learn":[0.4422738291],"iteration":296,"passed_time":1.874829088,"remaining_time":4.437726765},
{"learn":[0.4420505117],"iteration":297,"passed_time":1.880078078,"remaining_time":4.428908762},
{"learn":[0.4418746236],"iteration":298,"passed_time":1.885537988,"remaining_time":4.42060913},
{"learn":[0.4418069967],"iteration":299,"passed_time":1.890840854,"remaining_time":4.411961993},
{"learn":[0.4416583964],"iteration":300,"passed_time":1.896191458,"remaining_time":4.403447938},
{"learn":[0.4415209351],"iteration":301,"passed_time":1.901500427,"remaining_time":4.394858602},
{"learn":[0.4414476267],"iteration":302,"passed_time":1.907078403,"remaining_time":4.386909725},
{"learn":[0.4412294617],"iteration":303,"passed_time":1.912691888,"remaining_time":4.379057743},
{"learn":[0.4411678823],"iteration":304,"passed_time":1.917963391,"remaining_time":4.370441171},
{"learn":[0.4411017253],"iteration":305,"passed_time":1.923342251,"remaining_time":4.362089943},
{"learn":[0.4409978739],"iteration":306,"passed_time":1.928666674,"remaining_time":4.353635196},
{"learn":[0.4409363658],"iteration":307,"passed_time":1.934166737,"remaining_time":4.345595397},
{"learn":[0.4408511861],"iteration":308,"passed_time":1.939484743,"remaining_time":4.33716491},
{"learn":[0.4406049093],"iteration":309,"passed_time":1.944934012,"remaining_time":4.329046672},
{"learn":[0.4405351512],"iteration":310,"passed_time":1.950507825,"remaining_time":4.321221515},
{"learn":[0.4404178975],"iteration":311,"passed_time":1.955774585,"remaining_time":4.312733699},
{"learn":[0.4403592377],"iteration":312,"passed_time":1.961250158,"remaining_time":4.304724789},
{"learn":[0.4399799652],"iteration":313,"passed_time":1.966838987,"remaining_time":4.296979442},
{"learn":[0.4398296204],"iteration":314,"passed_time":1.972174919,"remaining_time":4.288697839},
{"learn":[0.4397524719],"iteration":315,"passed_time":1.977752861,"remaining_time":4.280958725},
{"learn":[0.4393570099],"iteration":316,"passed_time":1.983567072,"remaining_time":4.273742304},
{"learn":[0.4392905884],"iteration":317,"passed_time":1.989035802,"remaining_time":4.265793765},
{"learn":[0.4391657562],"iteration":318,"passed_time":1.994466852,"remaining_time":4.257780333},
{"learn":[0.4387288971],"iteration":319,"passed_time":1.99985108,"remaining_time":4.249683546},
{"learn":[0.43866834],"iteration":320,"passed_time":2.007172315,"remaining_time":4.24570094},
{"learn":[0.4383933614],"iteration":321,"passed_time":2.013832883,"remaining_time":4.240306505},
{"learn":[0.4381542308],"iteration":322,"passed_time":2.01971394,"remaining_time":4.233270394},
{"learn":[0.438087677],"iteration":323,"passed_time":2.025341631,"remaining_time":4.225712785},
{"learn":[0.438024114],"iteration":324,"passed_time":2.030699462,"remaining_time":4.217606574},
{"learn":[0.4379661764],"iteration":325,"passed_time":2.036167639,"remaining_time":4.209745363},
{"learn":[0.4379037476],"iteration":326,"passed_time":2.04214878,"remaining_time":4.202954523},
{"learn":[0.4378135834],"iteration":327,"passed_time":2.04798126,"remaining_time":4.195864045},
{"learn":[0.4377458547],"iteration":328,"passed_time":2.053696856,"remaining_time":4.188542827},
{"learn":[0.4376824799],"iteration":329,"passed_time":2.06015174,"remaining_time":4.182732321},
{"learn":[0.4376123861],"iteration":330,"passed_time":2.065587175,"remaining_time":4.174857463},
{"learn":[0.4375411275],"iteration":331,"passed_time":2.071133446,"remaining_time":4.167220306},
{"learn":[0.4374707743],"iteration":332,"passed_time":2.076687174,"remaining_time":4.159610647},
{"learn":[0.4374071706],"iteration":333,"passed_time":2.082113101,"remaining_time":4.151758459},
{"learn":[0.4373098602],"iteration":334,"passed_time":2.087585761,"remaining_time":4.144013526},
{"learn":[0.4366155599],"iteration":335,"passed_time":2.093233263,"remaining_time":4.136627639},
{"learn":[0.4365606384],"iteration":336,"passed_time":2.098683602,"remaining_time":4.128864179},
{"learn":[0.4361994781],"iteration":337,"passed_time":2.10429523,"remaining_time":4.121430303},
{"learn":[0.4361448568],"iteration":338,"passed_time":2.109598284,"remaining_time":4.113405504},
{"learn":[0.4360164286],"iteration":339,"passed_time":2.115251484,"remaining_time":4.10607641},
{"learn":[0.4358871358],"iteration":340,"passed_time":2.120570952,"remaining_time":4.098112192},
{"learn":[0.4358119202],"iteration":341,"passed_time":2.125948565,"remaining_time":4.090275309},
{"learn":[0.4356987254],"iteration":342,"passed_time":2.131366058,"remaining_time":4.082529155},
{"learn":[0.4356397298],"iteration":343,"passed_time":2.136836527,"remaining_time":4.074897563},
{"learn":[0.4348986053],"iteration":344,"passed_time":2.142501247,"remaining_time":4.067647295},
{"learn":[0.4348250682],"iteration":345,"passed_time":2.14792015,"remaining_time":4.059941556},
{"learn":[0.4347375285],"iteration":346,"passed_time":2.15313848,"remaining_time":4.051871548},
{"learn":[0.4344082998],"iteration":347,"passed_time":2.159191805,"remaining_time":4.045382348},
{"learn":[0.4338283234],"iteration":348,"passed_time":2.164712459,"remaining_time":4.037902037},
{"learn":[0.4336337941],"iteration":349,"passed_time":2.170040639,"remaining_time":4.030075473},
{"learn":[0.4330695597],"iteration":350,"passed_time":2.175604761,"remaining_time":4.022699402},
{"learn":[0.4327793325],"iteration":351,"passed_time":2.180982364,"remaining_time":4.014990261},
{"learn":[0.4326958262],"iteration":352,"passed_time":2.186526061,"remaining_time":4.007598757},
{"learn":[0.4326066488],"iteration":353,"passed_time":2.192234723,"remaining_time":4.000518732},
{"learn":[0.4325304769],"iteration":354,"passed_time":2.197770603,"remaining_time":3.993132504},
{"learn":[0.432468455],"iteration":355,"passed_time":2.203533658,"remaining_time":3.986167628},
{"learn":[0.4318769887],"iteration":356,"passed_time":2.210447931,"remaining_time":3.981282968},
{"learn":[0.4313576508],"iteration":357,"passed_time":2.216881695,"remaining_time":3.975525275},
{"learn":[0.4311477712],"iteration":358,"passed_time":2.222798789,"remaining_time":3.968841291},
{"learn":[0.4307666931],"iteration":359,"passed_time":2.228263048,"remaining_time":3.961356529},
{"learn":[0.4306822459],"iteration":360,"passed_time":2.233862663,"remaining_time":3.954122554},
{"learn":[0.4306132609],"iteration":361,"passed_time":2.239179829,"remaining_time":3.946399809},
{"learn":[0.4305235494],"iteration":362,"passed_time":2.244703102,"remaining_time":3.939052},
{"learn":[0.4304491425],"iteration":363,"passed_time":2.251811371,"remaining_time":3.934483604},
{"learn":[0.4303812561],"iteration":364,"passed_time":2.257641402,"remaining_time":3.927677507},
{"learn":[0.430247935],"iteration":365,"passed_time":2.262950742,"remaining_time":3.919974783},
{"learn":[0.4300172323],"iteration":366,"passed_time":2.268455009,"remaining_time":3.912621309},
{"learn":[0.4299410604],"iteration":367,"passed_time":2.274033964,"remaining_time":3.905406155},
{"learn":[0.4298718465],"iteration":368,"passed_time":2.27947462,"remaining_time":3.897963374},
{"learn":[0.4295126851],"iteration":369,"passed_time":2.284818827,"remaining_time":3.890367192},
{"learn":[0.429450587],"iteration":370,"passed_time":2.29030221,"remaining_time":3.88301911},
{"learn":[0.429025533],"iteration":371,"passed_time":2.295693277,"remaining_time":3.87552521},
{"learn":[0.4289557749],"iteration":372,"passed_time":2.301363008,"remaining_time":3.868511008},
{"learn":[0.4289048462],"iteration":373,"passed_time":2.306692392,"remaining_time":3.860934325},
{"learn":[0.4284739787],"iteration":374,"passed_time":2.312432618,"remaining_time":3.854054363},
{"learn":[0.4284050802],"iteration":375,"passed_time":2.317961736,"remaining_time":3.846830115},
{"learn":[0.4281420186],"iteration":376,"passed_time":2.323362973,"remaining_time":3.839403533},
{"learn":[0.4280845693],"iteration":377,"passed_time":2.32866714,"remaining_time":3.831827939},
{"learn":[0.4276996714],"iteration":378,"passed_time":2.334257586,"remaining_time":3.824733406},
{"learn":[0.4276606293],"iteration":379,"passed_time":2.339466252,"remaining_time":3.817023884},
{"learn":[0.4275924581],"iteration":380,"passed_time":2.344778922,"remaining_time":3.809496464},
{"learn":[0.4275358938],"iteration":381,"passed_time":2.350245406,"remaining_time":3.802229479},
{"learn":[0.4273955027],"iteration":382,"passed_time":2.355644009,"remaining_time":3.794862542},
{"learn":[0.4273297679],"iteration":383,"passed_time":2.361375387,"remaining_time":3.788039684},
{"learn":[0.4272522837],"iteration":384,"passed_time":2.366867904,"remaining_time":3.780840938},
{"learn":[0.4270171967],"iteration":385,"passed_time":2.37217684,"remaining_time":3.773359014},
{"learn":[0.4268831126],"iteration":386,"passed_time":2.37751617,"remaining_time":3.765936466},
{"learn":[0.4267674561],"iteration":387,"passed_time":2.38337923,"remaining_time":3.759350744},
{"learn":[0.4267186025],"iteration":388,"passed_time":2.388774729,"remaining_time":3.752034343},
{"learn":[0.4266115214],"iteration":389,"passed_time":2.39421481,"remaining_time":3.744797523},
{"learn":[0.4265499013],"iteration":390,"passed_time":2.399598602,"remaining_time":3.737482221},
{"learn":[0.4264262899],"iteration":391,"passed_time":2.407027688,"remaining_time":3.733349067},
{"learn":[0.4263723145],"iteration":392,"passed_time":2.413392272,"remaining_time":3.727554985},
{"learn":[0.4263068797],"iteration":393,"passed_time":2.419479967,"remaining_time":3.721332132},
{"learn":[0.42625118],"iteration":394,"passed_time":2.424916701,"remaining_time":3.714112921},
{"learn":[0.4261934509],"iteration":395,"passed_time":2.430535822,"remaining_time":3.7071809},
{"learn":[0.4261408691],"iteration":396,"passed_time":2.435964415,"remaining_time":3.699966102},
{"learn":[0.4260636139],"iteration":397,"passed_time":2.441400825,"remaining_time":3.692772103},
{"learn":[0.4260008647],"iteration":398,"passed_time":2.446661547,"remaining_time":3.685322281},
{"learn":[0.4258472443],"iteration":399,"passed_time":2.452212827,"remaining_time":3.678319241},
{"learn":[0.425781779],"iteration":400,"passed_time":2.457614703,"remaining_time":3.671100267},
{"learn":[0.4256857402],"iteration":401,"passed_time":2.462883082,"remaining_time":3.663691749},
{"learn":[0.4256231028],"iteration":402,"passed_time":2.468258721,"remaining_time":3.656452746},
{"learn":[0.4255725861],"iteration":403,"passed_time":2.473711996,"remaining_time":3.649337499},
{"learn":[0.4253980204],"iteration":404,"passed_time":2.479074625,"remaining_time":3.642097289},
{"learn":[0.4253458913],"iteration":405,"passed_time":2.484437348,"remaining_time":3.634866464},
{"learn":[0.4252948863],"iteration":406,"passed_time":2.489903655,"remaining_time":3.627795743},
{"learn":[0.425246816],"iteration":407,"passed_time":2.495508763,"remaining_time":3.620934284},
{"learn":[0.4251875305],"iteration":408,"passed_time":2.501107646,"remaining_time":3.614069972},
{"learn":[0.4249980774],"iteration":409,"passed_time":2.506633225,"remaining_time":3.607106348},
{"learn":[0.4249400431],"iteration":410,"passed_time":2.512140663,"remaining_time":3.600123724},
{"learn":[0.4248718363],"iteration":411,"passed_time":2.517584271,"remaining_time":3.593057163},
{"learn":[0.4247156881],"iteration":412,"passed_time":2.522938988,"remaining_time":3.58587212},
{"learn":[0.4244610545],"iteration":413,"passed_time":2.528352096,"remaining_time":3.57877857},
{"learn":[0.4244008179],"iteration":414,"passed_time":2.53388556,"remaining_time":3.571862777},
{"learn":[0.4243232168],"iteration":415,"passed_time":2.539511425,"remaining_time":3.565083347},
{"learn":[0.4242667643],"iteration":416,"passed_time":2.544973018,"remaining_time":3.558079782},
{"learn":[0.4241972097],"iteration":417,"passed_time":2.550731195,"remaining_time":3.551496544},
{"learn":[0.4240792491],"iteration":418,"passed_time":2.556080704,"remaining_time":3.54435057},
{"learn":[0.4238906504],"iteration":419,"passed_time":2.561669191,"remaining_time":3.537543168},
{"learn":[0.4238237152],"iteration":420,"passed_time":2.567164858,"remaining_time":3.530613903},
{"learn":[0.4234862315],"iteration":421,"passed_time":2.572687667,"remaining_time":3.523728606},
{"learn":[0.4234315948],"iteration":422,"passed_time":2.578190913,"remaining_time":3.516823066},
{"learn":[0.4233654938],"iteration":423,"passed_time":2.58355931,"remaining_time":3.509740949},
{"learn":[0.4233157654],"iteration":424,"passed_time":2.589037019,"remaining_time":3.50281479},
{"learn":[0.423260671],"iteration":425,"passed_time":2.594448402,"remaining_time":3.495806062},
{"learn":[0.4232011312],"iteration":426,"passed_time":2.599936179,"remaining_time":3.488907331},
{"learn":[0.4231564026],"iteration":427,"passed_time":2.606720915,"remaining_time":3.483748512},
{"learn":[0.4228006439],"iteration":428,"passed_time":2.613299961,"remaining_time":3.478308339},
{"learn":[0.4227285207],"iteration":429,"passed_time":2.619729017,"remaining_time":3.472664046},
{"learn":[0.4226720174],"iteration":430,"passed_time":2.62537309,"remaining_time":3.465979787},
{"learn":[0.4226144155],"iteration":431,"passed_time":2.630922193,"remaining_time":3.459175476},
{"learn":[0.4225232544],"iteration":432,"passed_time":2.636472573,"remaining_time":3.452378635},
{"learn":[0.4224586283],"iteration":433,"passed_time":2.641920145,"remaining_time":3.445453461},
{"learn":[0.4223958639],"iteration":434,"passed_time":2.647379763,"remaining_time":3.438550727},
{"learn":[0.4223453318],"iteration":435,"passed_time":2.65289693,"remaining_time":3.431729056},
{"learn":[0.4222942963],"iteration":436,"passed_time":2.658202692,"remaining_time":3.424640997},
{"learn":[0.4222279968],"iteration":437,"passed_time":2.663731314,"remaining_time":3.417847029},
{"learn":[0.4221751455],"iteration":438,"passed_time":2.669327877,"remaining_time":3.411145647},
{"learn":[0.4220252482],"iteration":439,"passed_time":2.674723049,"remaining_time":3.404192972},
{"learn":[0.4219659119],"iteration":440,"passed_time":2.680209836,"remaining_time":3.397363488},
{"learn":[0.4218957113],"iteration":441,"passed_time":2.685624779,"remaining_time":3.390449382},
{"learn":[0.4218365529],"iteration":442,"passed_time":2.691149705,"remaining_time":3.383680329},
{"learn":[0.4217801056],"iteration":443,"passed_time":2.696472323,"remaining_time":3.376663539},
{"learn":[0.4215054372],"iteration":444,"passed_time":2.701867228,"remaining_time":3.36974452},
{"learn":[0.421354126],"iteration":445,"passed_time":2.707209471,"remaining_time":3.362766921},
{"learn":[0.4212979329],"iteration":446,"passed_time":2.712766717,"remaining_time":3.356062628},
{"learn":[0.4212513631],"iteration":447,"passed_time":2.717987975,"remaining_time":3.34894947},
{"learn":[0.4211948649],"iteration":448,"passed_time":2.723315453,"remaining_time":3.341975088},
{"learn":[0.4211307526],"iteration":449,"passed_time":2.729269287,"remaining_time":3.335773573},
{"learn":[0.4210355886],"iteration":450,"passed_time":2.734891953,"remaining_time":3.329170027},
{"learn":[0.4209855652],"iteration":451,"passed_time":2.740469801,"remaining_time":3.322516485},
{"learn":[0.4209288483],"iteration":452,"passed_time":2.746161692,"remaining_time":3.316005399},
{"learn":[0.4208183645],"iteration":453,"passed_time":2.751602685,"remaining_time":3.309196181},
{"learn":[0.4206503855],"iteration":454,"passed_time":2.75704499,"remaining_time":3.302394548},
{"learn":[0.4206000722],"iteration":455,"passed_time":2.762320755,"remaining_time":3.295400198},
{"learn":[0.4204731394],"iteration":456,"passed_time":2.767825562,"remaining_time":3.288685515},
{"learn":[0.4204119822],"iteration":457,"passed_time":2.773302569,"remaining_time":3.281943215},
{"learn":[0.4202921041],"iteration":458,"passed_time":2.778858435,"remaining_time":3.275299376},
{"learn":[0.420238973],"iteration":459,"passed_time":2.784407498,"remaining_time":3.26865228},
{"learn":[0.4201970774],"iteration":460,"passed_time":2.789801517,"remaining_time":3.261828672},
{"learn":[0.4200494588],"iteration":461,"passed_time":2.79512757,"remaining_time":3.254932106},
{"learn":[0.4199921468],"iteration":462,"passed_time":2.800478867,"remaining_time":3.248071602},
{"learn":[0.4199146576],"iteration":463,"passed_time":2.807593696,"remaining_time":3.243254787},
{"learn":[0.4198565216],"iteration":464,"passed_time":2.814550136,"remaining_time":3.238245855},
{"learn":[0.419734258],"iteration":465,"passed_time":2.821368613,"remaining_time":3.233070471},
{"learn":[0.4196917928],"iteration":466,"passed_time":2.830576247,"remaining_time":3.230614861},
{"learn":[0.4196051534],"iteration":467,"passed_time":2.841366205,"remaining_time":3.229929104},
{"learn":[0.4195137278],"iteration":468,"passed_time":2.850376369,"remaining_time":3.227185185},
{"learn":[0.4194643504],"iteration":469,"passed_time":2.858880482,"remaining_time":3.223843948},
{"learn":[0.4194128571],"iteration":470,"passed_time":2.866936842,"remaining_time":3.219977897},
{"learn":[0.4193547516],"iteration":471,"passed_time":2.873602404,"remaining_time":3.214538282},
{"learn":[0.419294042],"iteration":472,"passed_time":2.879084276,"remaining_time":3.207774658},
{"learn":[0.4192242533],"iteration":473,"passed_time":2.884384598,"remaining_time":3.200814976},
{"learn":[0.4191757711],"iteration":474,"passed_time":2.889910506,"remaining_time":3.194111612},
{"learn":[0.4191196238],"iteration":475,"passed_time":2.895296504,"remaining_time":3.187259176},
{"learn":[0.4190730286],"iteration":476,"passed_time":2.900782666,"remaining_time":3.180522713},
{"learn":[0.4189613342],"iteration":477,"passed_time":2.906161779,"remaining_time":3.173674578},
{"learn":[0.4189053955],"iteration":478,"passed_time":2.911691519,"remaining_time":3.166996412},
{"learn":[0.4188640391],"iteration":479,"passed_time":2.917064972,"remaining_time":3.160153719},
{"learn":[0.4187745768],"iteration":480,"passed_time":2.922308287,"remaining_time":3.153176717},
{"learn":[0.4187215169],"iteration":481,"passed_time":2.927755184,"remaining_time":3.146425696},
{"learn":[0.4186786041],"iteration":482,"passed_time":2.933326115,"remaining_time":3.139812839},
{"learn":[0.4184813944],"iteration":483,"passed_time":2.939031166,"remaining_time":3.133347276},
{"learn":[0.4184237671],"iteration":484,"passed_time":2.944557735,"remaining_time":3.126695326},
{"learn":[0.4183709106],"iteration":485,"passed_time":2.950044517,"remaining_time":3.120005929},
{"learn":[0.4183119609],"iteration":486,"passed_time":2.955603294,"remaining_time":3.11339731},
{"learn":[0.4182516022],"iteration":487,"passed_time":2.961034153,"remaining_time":3.106658784},
{"learn":[0.4180592651],"iteration":488,"passed_time":2.966655638,"remaining_time":3.100124808},
{"learn":[0.4180101674],"iteration":489,"passed_time":2.97206386,"remaining_time":3.093372589},
{"learn":[0.4179608917],"iteration":490,"passed_time":2.977516425,"remaining_time":3.086671814},
{"learn":[0.4179252218],"iteration":491,"passed_time":2.982719378,"remaining_time":3.079718382},
{"learn":[0.4177659607],"iteration":492,"passed_time":2.988234416,"remaining_time":3.073093},
{"learn":[0.4177112528],"iteration":493,"passed_time":2.993697705,"remaining_time":3.066419107},
{"learn":[0.4176703491],"iteration":494,"passed_time":2.999110216,"remaining_time":3.059698301},
{"learn":[0.417629069],"iteration":495,"passed_time":3.005198558,"remaining_time":3.053669503},
{"learn":[0.4175725098],"iteration":496,"passed_time":3.01183523,"remaining_time":3.048195414},
{"learn":[0.4175403188],"iteration":497,"passed_time":3.018398216,"remaining_time":3.042642378},
{"learn":[0.4174929962],"iteration":498,"passed_time":3.024418608,"remaining_time":3.036540526},
{"learn":[0.417148173],"iteration":499,"passed_time":3.030204944,"remaining_time":3.030204944},
{"learn":[0.4170993958],"iteration":500,"passed_time":3.035897832,"remaining_time":3.023778479},
{"learn":[0.4170548553],"iteration":501,"passed_time":3.041480445,"remaining_time":3.017245541},
{"learn":[0.4170102641],"iteration":502,"passed_time":3.047046053,"remaining_time":3.01069958},
{"learn":[0.416858017],"iteration":503,"passed_time":3.05257453,"remaining_time":3.004120966},
{"learn":[0.4167215068],"iteration":504,"passed_time":3.058095261,"remaining_time":2.997538919},
{"learn":[0.4166645101],"iteration":505,"passed_time":3.06361346,"remaining_time":2.990958595},
{"learn":[0.4166084137],"iteration":506,"passed_time":3.069007995,"remaining_time":2.984262212},
{"learn":[0.4165447133],"iteration":507,"passed_time":3.074441432,"remaining_time":2.977608631},
{"learn":[0.4164866791],"iteration":508,"passed_time":3.079858179,"remaining_time":2.970943744},
{"learn":[0.4161731262],"iteration":509,"passed_time":3.085669083,"remaining_time":2.964662452},
{"learn":[0.4161241811],"iteration":510,"passed_time":3.09108472,"remaining_time":2.958004752},
{"learn":[0.4158000641],"iteration":511,"passed_time":3.09676973,"remaining_time":2.951608649},
{"learn":[0.4157476095],"iteration":512,"passed_time":3.1023662,"remaining_time":2.945131266},
{"learn":[0.4154304199],"iteration":513,"passed_time":3.107968395,"remaining_time":2.938662723},
{"learn":[0.4152794952],"iteration":514,"passed_time":3.113389562,"remaining_time":2.932027064},
{"learn":[0.415220932],"iteration":515,"passed_time":3.118935527,"remaining_time":2.925513169},
{"learn":[0.4151333872],"iteration":516,"passed_time":3.124628925,"remaining_time":2.919140756},
{"learn":[0.4150754954],"iteration":517,"passed_time":3.130195863,"remaining_time":2.912653294},
{"learn":[0.4150195974],"iteration":518,"passed_time":3.136096047,"remaining_time":2.906478225},
{"learn":[0.4149438171],"iteration":519,"passed_time":3.141713265,"remaining_time":2.900043014},
{"learn":[0.4148136393],"iteration":520,"passed_time":3.147044968,"remaining_time":2.893348444},
{"learn":[0.4147155457],"iteration":521,"passed_time":3.152446469,"remaining_time":2.886723012},
{"learn":[0.4146595001],"iteration":522,"passed_time":3.157901069,"remaining_time":2.880150688},
{"learn":[0.4146008199],"iteration":523,"passed_time":3.163357624,"remaining_time":2.873584406},
{"learn":[0.4142358551],"iteration":524,"passed_time":3.16912061,"remaining_time":2.867299599},
{"learn":[0.4141773275],"iteration":525,"passed_time":3.174509096,"remaining_time":2.8606793},
{"learn":[0.4141034444],"iteration":526,"passed_time":3.179850339,"remaining_time":2.854021272},
{"learn":[0.4139286092],"iteration":527,"passed_time":3.185423142,"remaining_time":2.847575233},
{"learn":[0.4138629354],"iteration":528,"passed_time":3.191027552,"remaining_time":2.841160637},
{"learn":[0.4138195699],"iteration":529,"passed_time":3.196408084,"remaining_time":2.834550565},
{"learn":[0.4137634125],"iteration":530,"passed_time":3.202852256,"remaining_time":2.828884573},
{"learn":[0.4137011973],"iteration":531,"passed_time":3.209598828,"remaining_time":2.823481676},
{"learn":[0.4136463826],"iteration":532,"passed_time":3.216104172,"remaining_time":2.817862379},
{"learn":[0.4135911611],"iteration":533,"passed_time":3.222379396,"remaining_time":2.812038949},
{"learn":[0.4135426432],"iteration":534,"passed_time":3.227995064,"remaining_time":2.805640569},
{"learn":[0.4133528595],"iteration":535,"passed_time":3.23377014,"remaining_time":2.799383107},
{"learn":[0.4133214518],"iteration":536,"passed_time":3.239097994,"remaining_time":2.792741846},
{"learn":[0.4132674306],"iteration":537,"passed_time":3.244402241,"remaining_time":2.786085196},
{"learn":[0.4132309926],"iteration":538,"passed_time":3.24960945,"remaining_time":2.779350568},
{"learn":[0.4131862895],"iteration":539,"passed_time":3.254983164,"remaining_time":2.772763436},
{"learn":[0.4129632416],"iteration":540,"passed_time":3.260784466,"remaining_time":2.766543567},
{"learn":[0.4127235769],"iteration":541,"passed_time":3.266451273,"remaining_time":2.760211593},
{"learn":[0.4126662242],"iteration":542,"passed_time":3.272005432,"remaining_time":2.75378726},
{"learn":[0.4122764994],"iteration":543,"passed_time":3.277511739,"remaining_time":2.747326016},
{"learn":[0.4122294718],"iteration":544,"passed_time":3.282873088,"remaining_time":2.740747257},
{"learn":[0.4119894511],"iteration":545,"passed_time":3.288332768,"remaining_time":2.734254719},
{"learn":[0.4119470876],"iteration":546,"passed_time":3.293736097,"remaining_time":2.727719291},
{"learn":[0.4118495483],"iteration":547,"passed_time":3.299151615,"remaining_time":2.721198047},
{"learn":[0.411807078],"iteration":548,"passed_time":3.304462514,"remaining_time":2.714594888},
{"learn":[0.4117513784],"iteration":549,"passed_time":3.309846882,"remaining_time":2.70805654},
{"learn":[0.4116647746],"iteration":550,"passed_time":3.315211094,"remaining_time":2.701505955},
{"learn":[0.4116083934],"iteration":551,"passed_time":3.320764898,"remaining_time":2.69511354},
{"learn":[0.4115518494],"iteration":552,"passed_time":3.32627034,"remaining_time":2.688685067},
{"learn":[0.4114890493],"iteration":553,"passed_time":3.331837027,"remaining_time":2.682309231},
{"learn":[0.4114482524],"iteration":554,"passed_time":3.337165634,"remaining_time":2.675745418},
{"learn":[0.4113926036],"iteration":555,"passed_time":3.342701397,"remaining_time":2.669351475},
{"learn":[0.4112187195],"iteration":556,"passed_time":3.348194097,"remaining_time":2.662926364},
{"learn":[0.4111683095],"iteration":557,"passed_time":3.353668715,"remaining_time":2.656490272},
{"learn":[0.4111184387],"iteration":558,"passed_time":3.35904116,"remaining_time":2.649977015},
{"learn":[0.4110608521],"iteration":559,"passed_time":3.36452336,"remaining_time":2.643554069},
{"learn":[0.4109867401],"iteration":560,"passed_time":3.369924175,"remaining_time":2.63707079},
{"learn":[0.4108427582],"iteration":561,"passed_time":3.375305324,"remaining_time":2.630576035},
{"learn":[0.4107973429],"iteration":562,"passed_time":3.380692531,"remaining_time":2.624089939},
{"learn":[0.4106940155],"iteration":563,"passed_time":3.385954541,"remaining_time":2.617510957},
{"learn":[0.4106358693],"iteration":564,"passed_time":3.391298596,"remaining_time":2.610999804},
{"learn":[0.410592509],"iteration":565,"passed_time":3.39660044,"remaining_time":2.604460408},
{"learn":[0.4105411987],"iteration":566,"passed_time":3.403227336,"remaining_time":2.598937278},
{"learn":[0.4104777069],"iteration":567,"passed_time":3.409933377,"remaining_time":2.593470456},
{"learn":[0.4104340566],"iteration":568,"passed_time":3.416594353,"remaining_time":2.587965143},
{"learn":[0.410382609],"iteration":569,"passed_time":3.422615999,"remaining_time":2.581973473},
{"learn":[0.4103105164],"iteration":570,"passed_time":3.428132312,"remaining_time":2.575602035},
{"learn":[0.4102605184],"iteration":571,"passed_time":3.433602165,"remaining_time":2.569198823},
{"learn":[0.4102088928],"iteration":572,"passed_time":3.439429739,"remaining_time":2.563065442},
{"learn":[0.4101584829],"iteration":573,"passed_time":3.444970715,"remaining_time":2.556720426},
{"learn":[0.4101108551],"iteration":574,"passed_time":3.450376923,"remaining_time":2.550278595},
{"learn":[0.4099830933],"iteration":575,"passed_time":3.456026826,"remaining_time":2.544019747},
{"learn":[0.4099468842],"iteration":576,"passed_time":3.461414262,"remaining_time":2.537570594},
{"learn":[0.409903834],"iteration":577,"passed_time":3.46696329,"remaining_time":2.531243094},
{"learn":[0.409855835],"iteration":578,"passed_time":3.472379469,"remaining_time":2.524821686},
{"learn":[0.4097845408],"iteration":579,"passed_time":3.477732614,"remaining_time":2.5183581},
{"learn":[0.4097324778],"iteration":580,"passed_time":3.483195904,"remaining_time":2.511977769},
{"learn":[0.4096883291],"iteration":581,"passed_time":3.488543376,"remaining_time":2.505517407},
{"learn":[0.4096426442],"iteration":582,"passed_time":3.493932388,"remaining_time":2.499090576},
{"learn":[0.4096051839],"iteration":583,"passed_time":3.499249254,"remaining_time":2.492615907},
{"learn":[0.4095521495],"iteration":584,"passed_time":3.504869122,"remaining_time":2.486360146},
{"learn":[0.4095136312],"iteration":585,"passed_time":3.51028505,"remaining_time":2.479962476},
{"learn":[0.4094579722],"iteration":586,"passed_time":3.515709506,"remaining_time":2.47357415},
{"learn":[0.4092088826],"iteration":587,"passed_time":3.521302236,"remaining_time":2.467307009},
{"learn":[0.4091425018],"iteration":588,"passed_time":3.526713161,"remaining_time":2.460915296},
{"learn":[0.4090965017],"iteration":589,"passed_time":3.532028866,"remaining_time":2.454460737},
{"learn":[0.4090468394],"iteration":590,"passed_time":3.537471492,"remaining_time":2.448097868},
{"learn":[0.4090108287],"iteration":591,"passed_time":3.542900001,"remaining_time":2.441728379},
{"learn":[0.4089531657],"iteration":592,"passed_time":3.548300865,"remaining_time":2.435343089},
{"learn":[0.4089183044],"iteration":593,"passed_time":3.553785633,"remaining_time":2.429018463},
{"learn":[0.4088743032],"iteration":594,"passed_time":3.559221296,"remaining_time":2.422663235},
{"learn":[0.4086927999],"iteration":595,"passed_time":3.56467089,"remaining_time":2.416320536},
{"learn":[0.4086349792],"iteration":596,"passed_time":3.570562969,"remaining_time":2.410279525},
{"learn":[0.4085908203],"iteration":597,"passed_time":3.576101619,"remaining_time":2.404001423},
{"learn":[0.4085548096],"iteration":598,"passed_time":3.581544331,"remaining_time":2.397661564},
{"learn":[0.4084143778],"iteration":599,"passed_time":3.586844056,"remaining_time":2.391229371},
{"learn":[0.4083599447],"iteration":600,"passed_time":3.592411181,"remaining_time":2.384978471},
{"learn":[0.4083162537],"iteration":601,"passed_time":3.597752953,"remaining_time":2.378580856},
{"learn":[0.4082718964],"iteration":602,"passed_time":3.604330453,"remaining_time":2.373000315},
{"learn":[0.4082216441],"iteration":603,"passed_time":3.611229683,"remaining_time":2.367627408},
{"learn":[0.4081428223],"iteration":604,"passed_time":3.617594387,"remaining_time":2.361900468},
{"learn":[0.4080370636],"iteration":605,"passed_time":3.623849321,"remaining_time":2.356100054},
{"learn":[0.4079908651],"iteration":606,"passed_time":3.629034364,"remaining_time":2.349605445},
{"learn":[0.4079415181],"iteration":607,"passed_time":3.634486794,"remaining_time":2.343287538},
{"learn":[0.4079126383],"iteration":608,"passed_time":3.639839183,"remaining_time":2.336908244},
{"learn":[0.4078712158],"iteration":609,"passed_time":3.645008173,"remaining_time":2.330415061},
{"learn":[0.4078161062],"iteration":610,"passed_time":3.650214352,"remaining_time":2.32394989},
{"learn":[0.4077594961],"iteration":611,"passed_time":3.655615243,"remaining_time":2.317612278},
{"learn":[0.4077150116],"iteration":612,"passed_time":3.660750405,"remaining_time":2.311109962},
{"learn":[0.4076643829],"iteration":613,"passed_time":3.666233361,"remaining_time":2.304830745},
{"learn":[0.4076086833],"iteration":614,"passed_time":3.671601895,"remaining_time":2.298482487},
{"learn":[0.4075700429],"iteration":615,"passed_time":3.677038688,"remaining_time":2.292179961},
{"learn":[0.4075081482],"iteration":616,"passed_time":3.682688721,"remaining_time":2.28601261},
{"learn":[0.4074699097],"iteration":617,"passed_time":3.688047748,"remaining_time":2.279667055},
{"learn":[0.4074140828],"iteration":618,"passed_time":3.693564822,"remaining_time":2.273421966},
{"learn":[0.4073586782],"iteration":619,"passed_time":3.699183192,"remaining_time":2.267241311},
{"learn":[0.4073143361],"iteration":620,"passed_time":3.70541316,"remaining_time":2.261435729},
{"learn":[0.4072594096],"iteration":621,"passed_time":3.711611162,"remaining_time":2.255609356},
{"learn":[0.4071967672],"iteration":622,"passed_time":3.717469418,"remaining_time":2.249576197},
{"learn":[0.4069710134],"iteration":623,"passed_time":3.723354838,"remaining_time":2.243559966},
{"learn":[0.4069307709],"iteration":624,"passed_time":3.728742453,"remaining_time":2.237245472},
{"learn":[0.4068872172],"iteration":625,"passed_time":3.734157082,"remaining_time":2.230950078},
{"learn":[0.4068418477],"iteration":626,"passed_time":3.739771051,"remaining_time":2.22477608},
{"learn":[0.4067967377],"iteration":627,"passed_time":3.745186714,"remaining_time":2.218486398},
{"learn":[0.4067350006],"iteration":628,"passed_time":3.750650029,"remaining_time":2.2122276},
{"learn":[0.4066916097],"iteration":629,"passed_time":3.756048119,"remaining_time":2.205933022},
{"learn":[0.4065417633],"iteration":630,"passed_time":3.761607331,"remaining_time":2.199735507},
{"learn":[0.4065001628],"iteration":631,"passed_time":3.767014081,"remaining_time":2.193451237},
{"learn":[0.4064705709],"iteration":632,"passed_time":3.772691543,"remaining_time":2.187326693},
{"learn":[0.4061286214],"iteration":633,"passed_time":3.77845125,"remaining_time":2.181251037},
{"learn":[0.4060699565],"iteration":634,"passed_time":3.783887102,"remaining_time":2.174990224},
{"learn":[0.4060347799],"iteration":635,"passed_time":3.789128318,"remaining_time":2.16862061},
{"learn":[0.4059894867],"iteration":636,"passed_time":3.794452971,"remaining_time":2.162302086},
{"learn":[0.4059461365],"iteration":637,"passed_time":3.799764978,"remaining_time":2.155979501},
{"learn":[0.405900589],"iteration":638,"passed_time":3.806323834,"remaining_time":2.150364482},
{"learn":[0.4058663635],"iteration":639,"passed_time":3.812564677,"remaining_time":2.144567631},
{"learn":[0.4058199209],"iteration":640,"passed_time":3.819290222,"remaining_time":2.139040858},
{"learn":[0.4057455851],"iteration":641,"passed_time":3.825293112,"remaining_time":2.133107374},
{"learn":[0.4057022756],"iteration":642,"passed_time":3.830962761,"remaining_time":2.126988656},
{"learn":[0.4054859619],"iteration":643,"passed_time":3.836548906,"remaining_time":2.120825172},
{"learn":[0.4054285431],"iteration":644,"passed_time":3.842005004,"remaining_time":2.114591902},
{"learn":[0.4053870646],"iteration":645,"passed_time":3.847433594,"remaining_time":2.108345963},
{"learn":[0.4053338928],"iteration":646,"passed_time":3.8530649,"remaining_time":2.102213153},
{"learn":[0.4052374776],"iteration":647,"passed_time":3.858387488,"remaining_time":2.095914191},
{"learn":[0.4051892446],"iteration":648,"passed_time":3.863747328,"remaining_time":2.089638386},
{"learn":[0.4051306051],"iteration":649,"passed_time":3.869374885,"remaining_time":2.083509554},
{"learn":[0.4049995575],"iteration":650,"passed_time":3.874981784,"remaining_time":2.077371187},
{"learn":[0.4049545237],"iteration":651,"passed_time":3.880297268,"remaining_time":2.07107891},
{"learn":[0.4048894196],"iteration":652,"passed_time":3.885893891,"remaining_time":2.06493902},
{"learn":[0.4048364817],"iteration":653,"passed_time":3.89131176,"remaining_time":2.058706222},
{"learn":[0.4047894948],"iteration":654,"passed_time":3.896794359,"remaining_time":2.052510006},
{"learn":[0.4046883291],"iteration":655,"passed_time":3.902071278,"remaining_time":2.046208109},
{"learn":[0.4046309713],"iteration":656,"passed_time":3.907516049,"remaining_time":2.039996963},
{"learn":[0.4045948588],"iteration":657,"passed_time":3.91292559,"remaining_time":2.033769836},
{"learn":[0.4045588938],"iteration":658,"passed_time":3.918613233,"remaining_time":2.027689093},
{"learn":[0.4043963826],"iteration":659,"passed_time":3.924111864,"remaining_time":2.021512173},
{"learn":[0.4042859141],"iteration":660,"passed_time":3.929826012,"remaining_time":2.015447834},
{"learn":[0.4042333221],"iteration":661,"passed_time":3.934684201,"remaining_time":2.008947523},
{"learn":[0.4041814982],"iteration":662,"passed_time":3.940163031,"remaining_time":2.002767634},
{"learn":[0.4041334737],"iteration":663,"passed_time":3.945622596,"remaining_time":1.996580109},
{"learn":[0.4041031647],"iteration":664,"passed_time":3.951064308,"remaining_time":1.990385779},
{"learn":[0.404052241],"iteration":665,"passed_time":3.956394749,"remaining_time":1.984137907},
{"learn":[0.4040035706],"iteration":666,"passed_time":3.961932317,"remaining_time":1.977996194},
{"learn":[0.4039013774],"iteration":667,"passed_time":3.967211106,"remaining_time":1.971727676},
{"learn":[0.4038657888],"iteration":668,"passed_time":3.972393667,"remaining_time":1.965414505},
{"learn":[0.4038068949],"iteration":669,"passed_time":3.977801317,"remaining_time":1.959215574},
{"learn":[0.4037469737],"iteration":670,"passed_time":3.983285648,"remaining_time":1.9530566},
{"learn":[0.4036908366],"iteration":671,"passed_time":3.988569726,"remaining_time":1.94680189},
{"learn":[0.40363797],"iteration":672,"passed_time":3.99418123,"remaining_time":1.940709156},
{"learn":[0.403594696],"iteration":673,"passed_time":3.99966574,"remaining_time":1.934556426},
{"learn":[0.4035454152],"iteration":674,"passed_time":4.006317283,"remaining_time":1.928967581},
{"learn":[0.4035082397],"iteration":675,"passed_time":4.012732727,"remaining_time":1.923262431},
{"learn":[0.403462972],"iteration":676,"passed_time":4.019690078,"remaining_time":1.91781373},
{"learn":[0.4034290873],"iteration":677,"passed_time":4.025734269,"remaining_time":1.911926895},
{"learn":[0.4033707733],"iteration":678,"passed_time":4.03128468,"remaining_time":1.90580616},
{"learn":[0.4033198547],"iteration":679,"passed_time":4.036841634,"remaining_time":1.899690181},
{"learn":[0.403277064],"iteration":680,"passed_time":4.042454647,"remaining_time":1.893602103},
{"learn":[0.4032329763],"iteration":681,"passed_time":4.047870889,"remaining_time":1.88742367},
{"learn":[0.4031867116],"iteration":682,"passed_time":4.0533302,"remaining_time":1.881267457},
{"learn":[0.4031367289],"iteration":683,"passed_time":4.058799606,"remaining_time":1.875117947},
{"learn":[0.4030656891],"iteration":684,"passed_time":4.064294025,"remaining_time":1.868981924},
{"learn":[0.402882604],"iteration":685,"passed_time":4.069943961,"remaining_time":1.862918956},
{"learn":[0.4028459269],"iteration":686,"passed_time":4.075346218,"remaining_time":1.856744347},
{"learn":[0.40279334],"iteration":687,"passed_time":4.080861361,"remaining_time":1.850623175},
{"learn":[0.4027491404],"iteration":688,"passed_time":4.086242154,"remaining_time":1.84444312},
{"learn":[0.4027053274],"iteration":689,"passed_time":4.091595218,"remaining_time":1.838252924},
{"learn":[0.4026608378],"iteration":690,"passed_time":4.097131258,"remaining_time":1.832146974},
{"learn":[0.4026220652],"iteration":691,"passed_time":4.102509602,"remaining_time":1.825972482},
{"learn":[0.4024022115],"iteration":692,"passed_time":4.108067335,"remaining_time":1.819879757},
{"learn":[0.4022970734],"iteration":693,"passed_time":4.114532934,"remaining_time":1.814188873},
{"learn":[0.4022228292],"iteration":694,"passed_time":4.120364788,"remaining_time":1.808217641},
{"learn":[0.4021456807],"iteration":695,"passed_time":4.126589925,"remaining_time":1.802418588},
{"learn":[0.4020085042],"iteration":696,"passed_time":4.132237051,"remaining_time":1.796367039},
{"learn":[0.401961853],"iteration":697,"passed_time":4.137700096,"remaining_time":1.790237004},
{"learn":[0.401920344],"iteration":698,"passed_time":4.143183158,"remaining_time":1.784117497},
{"learn":[0.4018778381],"iteration":699,"passed_time":4.148669025,"remaining_time":1.778001011},
{"learn":[0.4017672373],"iteration":700,"passed_time":4.154254384,"remaining_time":1.77192876},
{"learn":[0.4017201945],"iteration":701,"passed_time":4.15980682,"remaining_time":1.765843921},
{"learn":[0.4016825612],"iteration":702,"passed_time":4.165143658,"remaining_time":1.759669511},
{"learn":[0.4016280619],"iteration":703,"passed_time":4.170144373,"remaining_time":1.753356157},
{"learn":[0.4015628764],"iteration":704,"passed_time":4.175814865,"remaining_time":1.747326787},
{"learn":[0.4015149892],"iteration":705,"passed_time":4.181308097,"remaining_time":1.741224618},
{"learn":[0.4014534556],"iteration":706,"passed_time":4.187792707,"remaining_time":1.735535026},
{"learn":[0.4014040019],"iteration":707,"passed_time":4.193684945,"remaining_time":1.729598876},
{"learn":[0.4012315928],"iteration":708,"passed_time":4.199398382,"remaining_time":1.723589463},
{"learn":[0.4011857096],"iteration":709,"passed_time":4.206332185,"remaining_time":1.718079343},
{"learn":[0.400999354],"iteration":710,"passed_time":4.213842165,"remaining_time":1.712799417},
{"learn":[0.4009608765],"iteration":711,"passed_time":4.220431284,"remaining_time":1.707140744},
{"learn":[0.4009239095],"iteration":712,"passed_time":4.227251758,"remaining_time":1.701572587},
{"learn":[0.4008877462],"iteration":713,"passed_time":4.23289864,"remaining_time":1.695530828},
{"learn":[0.4007605184],"iteration":714,"passed_time":4.238607649,"remaining_time":1.689514937},
{"learn":[0.4007150472],"iteration":715,"passed_time":4.244185189,"remaining_time":1.683447757},
{"learn":[0.400670105],"iteration":716,"passed_time":4.249745711,"remaining_time":1.677375225},
{"learn":[0.4006206106],"iteration":717,"passed_time":4.255192674,"remaining_time":1.671259518},
{"learn":[0.4005734049],"iteration":718,"passed_time":4.260826037,"remaining_time":1.665218521},
{"learn":[0.4005251923],"iteration":719,"passed_time":4.266277766,"remaining_time":1.65910802},
{"learn":[0.400480367],"iteration":720,"passed_time":4.27175813,"remaining_time":1.653010427},
{"learn":[0.4004415538],"iteration":721,"passed_time":4.277140679,"remaining_time":1.646876882},
{"learn":[0.4003659312],"iteration":722,"passed_time":4.282656334,"remaining_time":1.64079641},
{"learn":[0.4003259583],"iteration":723,"passed_time":4.288021344,"remaining_time":1.63466007},
{"learn":[0.400281545],"iteration":724,"passed_time":4.293395469,"remaining_time":1.628529316},
{"learn":[0.400156428],"iteration":725,"passed_time":4.298959788,"remaining_time":1.622472427},
{"learn":[0.4000557912],"iteration":726,"passed_time":4.304510863,"remaining_time":1.616411919},
{"learn":[0.4000012156],"iteration":727,"passed_time":4.310106832,"remaining_time":1.610369586},
{"learn":[0.399912028],"iteration":728,"passed_time":4.315631716,"remaining_time":1.604302051},
{"learn":[0.3997963918],"iteration":729,"passed_time":4.321073941,"remaining_time":1.59820543},
{"learn":[0.3997483724],"iteration":730,"passed_time":4.326824747,"remaining_time":1.592224154},
{"learn":[0.399697759],"iteration":731,"passed_time":4.332196386,"remaining_time":1.586104688},
{"learn":[0.399587972],"iteration":732,"passed_time":4.337664694,"remaining_time":1.580022474},
{"learn":[0.3995445455],"iteration":733,"passed_time":4.343292411,"remaining_time":1.573999702},
{"learn":[0.3995023702],"iteration":734,"passed_time":4.348603472,"remaining_time":1.567863837},
{"learn":[0.3994483999],"iteration":735,"passed_time":4.354098839,"remaining_time":1.561796323},
{"learn":[0.3993961792],"iteration":736,"passed_time":4.359571992,"remaining_time":1.555722434},
{"learn":[0.3993440755],"iteration":737,"passed_time":4.364991873,"remaining_time":1.549631261},
{"learn":[0.3993046824],"iteration":738,"passed_time":4.370446833,"remaining_time":1.543554294},
{"learn":[0.3992573344],"iteration":739,"passed_time":4.375853365,"remaining_time":1.537461993},
{"learn":[0.3992218424],"iteration":740,"passed_time":4.381146997,"remaining_time":1.531332081},
{"learn":[0.3991819051],"iteration":741,"passed_time":4.386573893,"remaining_time":1.525250761},
{"learn":[0.3991352437],"iteration":742,"passed_time":4.391974456,"remaining_time":1.519162093},
{"learn":[0.3990306142],"iteration":743,"passed_time":4.397280731,"remaining_time":1.513042832},
{"learn":[0.3989579976],"iteration":744,"passed_time":4.402988912,"remaining_time":1.507063319},
{"learn":[0.3989201202],"iteration":745,"passed_time":4.409525497,"remaining_time":1.50136659},
{"learn":[0.3988769226],"iteration":746,"passed_time":4.415947029,"remaining_time":1.495628646},
{"learn":[0.3987951508],"iteration":747,"passed_time":4.422324398,"remaining_time":1.489873995},
{"learn":[0.3987608287],"iteration":748,"passed_time":4.42806651,"remaining_time":1.483904798},
{"learn":[0.3986779887],"iteration":749,"passed_time":4.433646635,"remaining_time":1.477882212},
{"learn":[0.3986330261],"iteration":750,"passed_time":4.439098798,"remaining_time":1.471818376},
{"learn":[0.3985662944],"iteration":751,"passed_time":4.44444601,"remaining_time":1.465721556},
{"learn":[0.3983637187],"iteration":752,"passed_time":4.450280084,"remaining_time":1.459786429},
{"learn":[0.3983191427],"iteration":753,"passed_time":4.455921208,"remaining_time":1.453788617},
{"learn":[0.398216746],"iteration":754,"passed_time":4.461695787,"remaining_time":1.447835057},
{"learn":[0.3981679179],"iteration":755,"passed_time":4.467283605,"remaining_time":1.441821693},
{"learn":[0.3981069132],"iteration":756,"passed_time":4.472753534,"remaining_time":1.43577161},
{"learn":[0.3980574443],"iteration":757,"passed_time":4.478046477,"remaining_time":1.429666553},
{"learn":[0.3980097097],"iteration":758,"passed_time":4.483651471,"remaining_time":1.42366272},
{"learn":[0.3979604034],"iteration":759,"passed_time":4.488987111,"remaining_time":1.417574877},
{"learn":[0.3979159292],"iteration":760,"passed_time":4.494609075,"remaining_time":1.411578934},
{"learn":[0.3978612366],"iteration":761,"passed_time":4.500245922,"remaining_time":1.405588621},
{"learn":[0.3978052216],"iteration":762,"passed_time":4.505721361,"remaining_time":1.399549099},
{"learn":[0.3977046102],"iteration":763,"passed_time":4.5112267,"remaining_time":1.393520289},
{"learn":[0.3976378682],"iteration":764,"passed_time":4.516751882,"remaining_time":1.387498944},
{"learn":[0.3975997416],"iteration":765,"passed_time":4.522166293,"remaining_time":1.381445055},
{"learn":[0.3975456136],"iteration":766,"passed_time":4.52765456,"remaining_time":1.375415271},
{"learn":[0.3974259745],"iteration":767,"passed_time":4.533233338,"remaining_time":1.369414237},
{"learn":[0.3973925934],"iteration":768,"passed_time":4.538485684,"remaining_time":1.363316246},
{"learn":[0.3973504588],"iteration":769,"passed_time":4.543784625,"remaining_time":1.357234368},
{"learn":[0.3972980601],"iteration":770,"passed_time":4.54942859,"remaining_time":1.351257},
{"learn":[0.3972571309],"iteration":771,"passed_time":4.554745077,"remaining_time":1.345183779},
{"learn":[0.3971984762],"iteration":772,"passed_time":4.560239159,"remaining_time":1.339164669},
{"learn":[0.3971568451],"iteration":773,"passed_time":4.565622299,"remaining_time":1.333114521},
{"learn":[0.3971099599],"iteration":774,"passed_time":4.571131743,"remaining_time":1.327102764},
{"learn":[0.3969521281],"iteration":775,"passed_time":4.576877209,"remaining_time":1.321160431},
{"learn":[0.3969098612],"iteration":776,"passed_time":4.582320089,"remaining_time":1.315131763},
{"learn":[0.3968690186],"iteration":777,"passed_time":4.587819983,"remaining_time":1.309120869},
{"learn":[0.3968119609],"iteration":778,"passed_time":4.592710736,"remaining_time":1.302938476},
{"learn":[0.3967644857],"iteration":779,"passed_time":4.598177356,"remaining_time":1.296921818},
{"learn":[0.3967287242],"iteration":780,"passed_time":4.605212158,"remaining_time":1.291346303},
{"learn":[0.3966940816],"iteration":781,"passed_time":4.611458999,"remaining_time":1.285547394},
{"learn":[0.3966249542],"iteration":782,"passed_time":4.617761176,"remaining_time":1.279762676},
{"learn":[0.3965796916],"iteration":783,"passed_time":4.623990993,"remaining_time":1.273956702},
{"learn":[0.3965086212],"iteration":784,"passed_time":4.629451197,"remaining_time":1.267938863},
{"learn":[0.396461319],"iteration":785,"passed_time":4.634950891,"remaining_time":1.261933194},
{"learn":[0.3964129333],"iteration":786,"passed_time":4.640491164,"remaining_time":1.255939794},
{"learn":[0.3963672333],"iteration":787,"passed_time":4.64621536,"remaining_time":1.249997026},
{"learn":[0.3963240662],"iteration":788,"passed_time":4.651706205,"remaining_time":1.243992407},
{"learn":[0.3962492269],"iteration":789,"passed_time":4.657066371,"remaining_time":1.237954352},
{"learn":[0.3962002157],"iteration":790,"passed_time":4.662403923,"remaining_time":1.231912035},
{"learn":[0.3961525167],"iteration":791,"passed_time":4.667906206,"remaining_time":1.225914761},
{"learn":[0.3961078542],"iteration":792,"passed_time":4.67324063,"remaining_time":1.219874919},
{"learn":[0.3960636444],"iteration":793,"passed_time":4.679261805,"remaining_time":1.214015027},
{"learn":[0.3960153351],"iteration":794,"passed_time":4.684540824,"remaining_time":1.207963357},
{"learn":[0.3959642487],"iteration":795,"passed_time":4.690211932,"remaining_time":1.202014113},
{"learn":[0.3959099121],"iteration":796,"passed_time":4.695873016,"remaining_time":1.196063014},
{"learn":[0.3958748627],"iteration":797,"passed_time":4.701367727,"remaining_time":1.190070527},
{"learn":[0.3958249308],"iteration":798,"passed_time":4.7067755,"remaining_time":1.184057416},
{"learn":[0.3957861633],"iteration":799,"passed_time":4.71238946,"remaining_time":1.178097365},
{"learn":[0.3957517955],"iteration":800,"passed_time":4.717819941,"remaining_time":1.172092595},
{"learn":[0.3956935425],"iteration":801,"passed_time":4.723415986,"remaining_time":1.166130131},
{"learn":[0.3956410878],"iteration":802,"passed_time":4.728195383,"remaining_time":1.159968232},
{"learn":[0.3955969849],"iteration":803,"passed_time":4.733610923,"remaining_time":1.153964852},
{"learn":[0.395554306],"iteration":804,"passed_time":4.73900593,"remaining_time":1.147957958},
{"learn":[0.3955036875],"iteration":805,"passed_time":4.744599376,"remaining_time":1.142000346},
{"learn":[0.3954237773],"iteration":806,"passed_time":4.749863749,"remaining_time":1.135964936},
{"learn":[0.3953768005],"iteration":807,"passed_time":4.755188845,"remaining_time":1.129945864},
{"learn":[0.3953420359],"iteration":808,"passed_time":4.760567961,"remaining_time":1.123941262},
{"learn":[0.3953046112],"iteration":809,"passed_time":4.765814184,"remaining_time":1.117907031},
{"learn":[0.3952598572],"iteration":810,"passed_time":4.771147924,"remaining_time":1.111895139},
{"learn":[0.3952236582],"iteration":811,"passed_time":4.776542087,"remaining_time":1.105898907},
{"learn":[0.3951936289],"iteration":812,"passed_time":4.781828279,"remaining_time":1.099879321},
{"learn":[0.3951495667],"iteration":813,"passed_time":4.787368597,"remaining_time":1.093919606},
{"learn":[0.395101827],"iteration":814,"passed_time":4.792810332,"remaining_time":1.087938542},
{"learn":[0.3950631307],"iteration":815,"passed_time":4.798596296,"remaining_time":1.08203642},
{"learn":[0.3950311788],"iteration":816,"passed_time":4.805273999,"remaining_time":1.076334323},
{"learn":[0.3949819082],"iteration":817,"passed_time":4.812134888,"remaining_time":1.070670599},
{"learn":[0.3949354858],"iteration":818,"passed_time":4.818795984,"remaining_time":1.064959796},
{"learn":[0.3948979492],"iteration":819,"passed_time":4.825269337,"remaining_time":1.059205464},
{"learn":[0.3948560384],"iteration":820,"passed_time":4.830863698,"remaining_time":1.053257737},
{"learn":[0.3948179474],"iteration":821,"passed_time":4.836178314,"remaining_time":1.047250292},
{"learn":[0.3947787933],"iteration":822,"passed_time":4.84158075,"remaining_time":1.041263418},
{"learn":[0.3947475891],"iteration":823,"passed_time":4.846909375,"remaining_time":1.035262197},
{"learn":[0.3947062683],"iteration":824,"passed_time":4.852239804,"remaining_time":1.029262989},
{"learn":[0.394646759],"iteration":825,"passed_time":4.857703214,"remaining_time":1.023293413},
{"learn":[0.3946111348],"iteration":826,"passed_time":4.86324603,"remaining_time":1.017341672},
{"learn":[0.3945695852],"iteration":827,"passed_time":4.868637847,"remaining_time":1.011359553},
{"learn":[0.3945415192],"iteration":828,"passed_time":4.873855575,"remaining_time":1.005342947},
{"learn":[0.3944914653],"iteration":829,"passed_time":4.879451752,"remaining_time":0.9994057806},
{"learn":[0.3944553731],"iteration":830,"passed_time":4.884683125,"remaining_time":0.9933952444},
{"learn":[0.3944101156],"iteration":831,"passed_time":4.890169044,"remaining_time":0.98743798},
{"learn":[0.3943652293],"iteration":832,"passed_time":4.895711022,"remaining_time":0.981493086},
{"learn":[0.3943155212],"iteration":833,"passed_time":4.901273616,"remaining_time":0.9755532617},
{"learn":[0.3942607371],"iteration":834,"passed_time":4.906785052,"remaining_time":0.9696042318},
{"learn":[0.3942242686],"iteration":835,"passed_time":4.912215493,"remaining_time":0.9636403599},
{"learn":[0.3941778514],"iteration":836,"passed_time":4.917652053,"remaining_time":0.9576789543},
{"learn":[0.3941431986],"iteration":837,"passed_time":4.922982872,"remaining_time":0.9516983595},
{"learn":[0.3940435384],"iteration":838,"passed_time":4.928221219,"remaining_time":0.9457015689},
{"learn":[0.394005778],"iteration":839,"passed_time":4.933678392,"remaining_time":0.9397482651},
{"learn":[0.3939564158],"iteration":840,"passed_time":4.939177102,"remaining_time":0.9338039943},
{"learn":[0.3938907013],"iteration":841,"passed_time":4.944682006,"remaining_time":0.927861944},
{"learn":[0.3938114421],"iteration":842,"passed_time":4.950081499,"remaining_time":0.9219012993},
{"learn":[0.3937544759],"iteration":843,"passed_time":4.955652764,"remaining_time":0.9159737337},
{"learn":[0.3936601664],"iteration":844,"passed_time":4.961263403,"remaining_time":0.9100542336},
{"learn":[0.3935005697],"iteration":845,"passed_time":4.967218013,"remaining_time":0.904198078},
{"learn":[0.3934543508],"iteration":846,"passed_time":4.972732099,"remaining_time":0.8982621148},
{"learn":[0.39340743],"iteration":847,"passed_time":4.978200922,"remaining_time":0.8923190332},
{"learn":[0.393374644],"iteration":848,"passed_time":4.983435523,"remaining_time":0.886335411},
{"learn":[0.3933308716],"iteration":849,"passed_time":4.98900132,"remaining_time":0.8804119976},
{"learn":[0.393293218],"iteration":850,"passed_time":4.99453193,"remaining_time":0.874483264},
{"learn":[0.3932441152],"iteration":851,"passed_time":4.999913179,"remaining_time":0.8685295194},
{"learn":[0.3930825704],"iteration":852,"passed_time":5.006938644,"remaining_time":0.8628604698},
{"learn":[0.3930263977],"iteration":853,"passed_time":5.013461169,"remaining_time":0.8571022607},
{"learn":[0.3929764099],"iteration":854,"passed_time":5.020012094,"remaining_time":0.8513470803},
{"learn":[0.3929354299],"iteration":855,"passed_time":5.026408263,"remaining_time":0.8455640069},
{"learn":[0.3929043833],"iteration":856,"passed_time":5.032168993,"remaining_time":0.8396734725},
{"learn":[0.392868103],"iteration":857,"passed_time":5.037626271,"remaining_time":0.8337330193},
{"learn":[0.392818573],"iteration":858,"passed_time":5.043308423,"remaining_time":0.8278306027},
{"learn":[0.3927725118],"iteration":859,"passed_time":5.048814501,"remaining_time":0.8219000351},
{"learn":[0.3927291667],"iteration":860,"passed_time":5.054108341,"remaining_time":0.8159361897},
{"learn":[0.3926845398],"iteration":861,"passed_time":5.059240701,"remaining_time":0.8099480473},
{"learn":[0.3926484782],"iteration":862,"passed_time":5.06468412,"remaining_time":0.8040112681},
{"learn":[0.3925999807],"iteration":863,"passed_time":5.070314216,"remaining_time":0.7981050155},
{"learn":[0.392562617],"iteration":864,"passed_time":5.075550532,"remaining_time":0.7921379442},
{"learn":[0.3924621582],"iteration":865,"passed_time":5.081288027,"remaining_time":0.7862501105},
{"learn":[0.3924140523],"iteration":866,"passed_time":5.087456507,"remaining_time":0.7804287375},
{"learn":[0.3923700765],"iteration":867,"passed_time":5.093005387,"remaining_time":0.77451234},
{"learn":[0.3923266652],"iteration":868,"passed_time":5.098524038,"remaining_time":0.7685922313},
{"learn":[0.3922863464],"iteration":869,"passed_time":5.103901557,"remaining_time":0.7626519568},
{"learn":[0.3922440643],"iteration":870,"passed_time":5.109254895,"remaining_time":0.7567093932},
{"learn":[0.3921946411],"iteration":871,"passed_time":5.114845828,"remaining_time":0.7508030574},
{"learn":[0.3921461538],"iteration":872,"passed_time":5.120544435,"remaining_time":0.744913108},
{"learn":[0.3921030782],"iteration":873,"passed_time":5.126014824,"remaining_time":0.7389906955},
{"learn":[0.392060084],"iteration":874,"passed_time":5.131589769,"remaining_time":0.7330842527},
{"learn":[0.392012675],"iteration":875,"passed_time":5.137103259,"remaining_time":0.7271698678},
{"learn":[0.3919726664],"iteration":876,"passed_time":5.142402188,"remaining_time":0.7212263046},
{"learn":[0.3919474131],"iteration":877,"passed_time":5.14779054,"remaining_time":0.7152966354},
{"learn":[0.3918971456],"iteration":878,"passed_time":5.152983447,"remaining_time":0.7093412937},
{"learn":[0.3918434601],"iteration":879,"passed_time":5.158441202,"remaining_time":0.7034238003},
{"learn":[0.3918021393],"iteration":880,"passed_time":5.163896641,"remaining_time":0.6975070378},
{"learn":[0.3917572021],"iteration":881,"passed_time":5.169243369,"remaining_time":0.6915767772},
{"learn":[0.3917233226],"iteration":882,"passed_time":5.174714139,"remaining_time":0.6856642743},
{"learn":[0.3915343526],"iteration":883,"passed_time":5.180209057,"remaining_time":0.6797559396},
{"learn":[0.3914925486],"iteration":884,"passed_time":5.185592629,"remaining_time":0.6738340704},
{"learn":[0.391454188],"iteration":885,"passed_time":5.191113489,"remaining_time":0.667931081},
{"learn":[0.3914195251],"iteration":886,"passed_time":5.196550796,"remaining_time":0.6620183089},
{"learn":[0.391382665],"iteration":887,"passed_time":5.201943285,"remaining_time":0.6561009549},
{"learn":[0.39134611],"iteration":888,"passed_time":5.208383976,"remaining_time":0.6503156596},
{"learn":[0.3913159993],"iteration":889,"passed_time":5.215290009,"remaining_time":0.6445864056},
{"learn":[0.3912747752],"iteration":890,"passed_time":5.221543539,"remaining_time":0.6387746866},
{"learn":[0.3912399038],"iteration":891,"passed_time":5.227872592,"remaining_time":0.632971121},
{"learn":[0.3911981608],"iteration":892,"passed_time":5.233522496,"remaining_time":0.6270850024},
{"learn":[0.3911478577],"iteration":893,"passed_time":5.239085864,"remaining_time":0.6211891517},
{"learn":[0.3911083272],"iteration":894,"passed_time":5.244767045,"remaining_time":0.6153078656},
{"learn":[0.3910719859],"iteration":895,"passed_time":5.250459238,"remaining_time":0.6094283044},
{"learn":[0.3910297089],"iteration":896,"passed_time":5.25599703,"remaining_time":0.6035314315},
{"learn":[0.3909937846],"iteration":897,"passed_time":5.261404839,"remaining_time":0.5976205942},
{"learn":[0.3909512838],"iteration":898,"passed_time":5.266801848,"remaining_time":0.5917096625},
{"learn":[0.390908432],"iteration":899,"passed_time":5.27229578,"remaining_time":0.5858106422},
{"learn":[0.3908703461],"iteration":900,"passed_time":5.277772332,"remaining_time":0.5799106114},
{"learn":[0.3907456462],"iteration":901,"passed_time":5.283395332,"remaining_time":0.5740274307},
{"learn":[0.390701416],"iteration":902,"passed_time":5.288874971,"remaining_time":0.5681294266},
{"learn":[0.3906545766],"iteration":903,"passed_time":5.294295998,"remaining_time":0.5622261236},
{"learn":[0.3906095734],"iteration":904,"passed_time":5.2999259,"remaining_time":0.5563458127},
{"learn":[0.3905624847],"iteration":905,"passed_time":5.305264791,"remaining_time":0.5504358613},
{"learn":[0.3905232137],"iteration":906,"passed_time":5.31051827,"remaining_time":0.5445184113},
{"learn":[0.3904794108],"iteration":907,"passed_time":5.315827599,"remaining_time":0.5386080827},
{"learn":[0.3904473114],"iteration":908,"passed_time":5.321015746,"remaining_time":0.5326869448},
{"learn":[0.3904067332],"iteration":909,"passed_time":5.326492305,"remaining_time":0.5267959422},
{"learn":[0.3903646139],"iteration":910,"passed_time":5.331887196,"remaining_time":0.520897871},
{"learn":[0.3903108571],"iteration":911,"passed_time":5.337334757,"remaining_time":0.5150059854},
{"learn":[0.390267512],"iteration":912,"passed_time":5.342707052,"remaining_time":0.5091079009},
{"learn":[0.3902193298],"iteration":913,"passed_time":5.348059483,"remaining_time":0.5032090979},
{"learn":[0.3901669566],"iteration":914,"passed_time":5.353468412,"remaining_time":0.4973167377},
{"learn":[0.3901242523],"iteration":915,"passed_time":5.358703649,"remaining_time":0.491409505},
{"learn":[0.3900864817],"iteration":916,"passed_time":5.364222197,"remaining_time":0.485529381},
{"learn":[0.3900398865],"iteration":917,"passed_time":5.369739339,"remaining_time":0.4796499192},
{"learn":[0.389992691],"iteration":918,"passed_time":5.375193186,"remaining_time":0.4737656671},
{"learn":[0.3899536743],"iteration":919,"passed_time":5.380651567,"remaining_time":0.4678827449},
{"learn":[0.3899004059],"iteration":920,"passed_time":5.386083823,"remaining_time":0.4619985038},
{"learn":[0.3898543447],"iteration":921,"passed_time":5.391395513,"remaining_time":0.4561050434},
{"learn":[0.3898055979],"iteration":922,"passed_time":5.397084615,"remaining_time":0.4502443287},
{"learn":[0.3897700755],"iteration":923,"passed_time":5.402534965,"remaining_time":0.4443643478},
{"learn":[0.3897297211],"iteration":924,"passed_time":5.409744182,"remaining_time":0.4386279067},
{"learn":[0.3896993866],"iteration":925,"passed_time":5.416209987,"remaining_time":0.4328288759},
{"learn":[0.389630483],"iteration":926,"passed_time":5.422929984,"remaining_time":0.4270484237},
{"learn":[0.3895903473],"iteration":927,"passed_time":5.429328921,"remaining_time":0.4212410369},
{"learn":[0.3895602926],"iteration":928,"passed_time":5.435428705,"remaining_time":0.4154095135},
{"learn":[0.3894854991],"iteration":929,"passed_time":5.441105365,"remaining_time":0.4095455651},
{"learn":[0.3894562531],"iteration":930,"passed_time":5.446785995,"remaining_time":0.4036823132},
{"learn":[0.3894144135],"iteration":931,"passed_time":5.452120258,"remaining_time":0.3977941819},
{"learn":[0.3893812052],"iteration":932,"passed_time":5.45771368,"remaining_time":0.3919258484},
{"learn":[0.3893388163],"iteration":933,"passed_time":5.463186975,"remaining_time":0.386049615},
{"learn":[0.3893099823],"iteration":934,"passed_time":5.468590907,"remaining_time":0.3801694213},
{"learn":[0.3892683411],"iteration":935,"passed_time":5.473731339,"remaining_time":0.3742722283},
{"learn":[0.3891853689],"iteration":936,"passed_time":5.479260757,"remaining_time":0.3684028044},
{"learn":[0.3891464132],"iteration":937,"passed_time":5.484670025,"remaining_time":0.3625261637},
{"learn":[0.3890960795],"iteration":938,"passed_time":5.490141847,"remaining_time":0.3566545822},
{"learn":[0.3890521088],"iteration":939,"passed_time":5.495943522,"remaining_time":0.3508049057},
{"learn":[0.3890132497],"iteration":940,"passed_time":5.501559908,"remaining_time":0.3449437137},
{"learn":[0.388974767],"iteration":941,"passed_time":5.50706115,"remaining_time":0.3390759519},
{"learn":[0.3889354909],"iteration":942,"passed_time":5.51242644,"remaining_time":0.3332007498},
{"learn":[0.3888987478],"iteration":943,"passed_time":5.517692451,"remaining_time":0.3273207386},
{"learn":[0.3887479706],"iteration":944,"passed_time":5.523606455,"remaining_time":0.3214797408},
{"learn":[0.388668335],"iteration":945,"passed_time":5.528906395,"remaining_time":0.3156035363},
{"learn":[0.3886343486],"iteration":946,"passed_time":5.534416917,"remaining_time":0.3097403343},
{"learn":[0.3885982056],"iteration":947,"passed_time":5.539611737,"remaining_time":0.3038605594},
{"learn":[0.3885607605],"iteration":948,"passed_time":5.545059129,"remaining_time":0.2979958015},
{"learn":[0.3885151774],"iteration":949,"passed_time":5.550599722,"remaining_time":0.2921368275},
{"learn":[0.3884758403],"iteration":950,"passed_time":5.555904855,"remaining_time":0.286266391},
{"learn":[0.3884297587],"iteration":951,"passed_time":5.561537536,"remaining_time":0.2804136573},
{"learn":[0.3883827566],"iteration":952,"passed_time":5.567061561,"remaining_time":0.2745560266},
{"learn":[0.3883347219],"iteration":953,"passed_time":5.572622676,"remaining_time":0.2687008838},
{"learn":[0.3882938487],"iteration":954,"passed_time":5.578131594,"remaining_time":0.2628438971},
{"learn":[0.3882024536],"iteration":955,"passed_time":5.583841982,"remaining_time":0.2569969113},
{"learn":[0.3881578318],"iteration":956,"passed_time":5.589196106,"remaining_time":0.2511342033},
{"learn":[0.3881199799],"iteration":957,"passed_time":5.594718375,"remaining_time":0.2452799287},
{"learn":[0.388038976],"iteration":958,"passed_time":5.600313723,"remaining_time":0.2394294709},
{"learn":[0.3879767456],"iteration":959,"passed_time":5.60600408,"remaining_time":0.2335835033},
{"learn":[0.3879270376],"iteration":960,"passed_time":5.61258601,"remaining_time":0.227774042},
{"learn":[0.3878816172],"iteration":961,"passed_time":5.61873256,"remaining_time":0.2219457768},
{"learn":[0.3878346659],"iteration":962,"passed_time":5.62496452,"remaining_time":0.2161201321},
{"learn":[0.3878087769],"iteration":963,"passed_time":5.631223344,"remaining_time":0.2102946477},
{"learn":[0.3877712555],"iteration":964,"passed_time":5.637023865,"remaining_time":0.2044516428},
{"learn":[0.3877299143],"iteration":965,"passed_time":5.642410842,"remaining_time":0.1985941704},
{"learn":[0.3876999308],"iteration":966,"passed_time":5.647835824,"remaining_time":0.1927389682},
{"learn":[0.3876647898],"iteration":967,"passed_time":5.653348012,"remaining_time":0.1868875376},
{"learn":[0.3876191661],"iteration":968,"passed_time":5.659403698,"remaining_time":0.1810541947},
{"learn":[0.3875866394],"iteration":969,"passed_time":5.665034719,"remaining_time":0.1752072593},
{"learn":[0.3875351257],"iteration":970,"passed_time":5.670697966,"remaining_time":0.1693617312},
{"learn":[0.3874887034],"iteration":971,"passed_time":5.676368503,"remaining_time":0.1635167882},
{"learn":[0.387461736],"iteration":972,"passed_time":5.681723512,"remaining_time":0.1576634479},
{"learn":[0.3874277547],"iteration":973,"passed_time":5.686946231,"remaining_time":0.1518075996},
{"learn":[0.3873984019],"iteration":974,"passed_time":5.692152927,"remaining_time":0.1459526392},
{"learn":[0.387358195],"iteration":975,"passed_time":5.697664948,"remaining_time":0.1401065151},
{"learn":[0.3873004761],"iteration":976,"passed_time":5.702926351,"remaining_time":0.1342551751},
{"learn":[0.3871667582],"iteration":977,"passed_time":5.708335029,"remaining_time":0.1284083544},
{"learn":[0.3871281179],"iteration":978,"passed_time":5.713733121,"remaining_time":0.1225622018},
{"learn":[0.387086141],"iteration":979,"passed_time":5.719023383,"remaining_time":0.1167147629},
{"learn":[0.3870483653],"iteration":980,"passed_time":5.724562977,"remaining_time":0.1108732891},
{"learn":[0.3870149943],"iteration":981,"passed_time":5.729820375,"remaining_time":0.1050272574},
{"learn":[0.3869422201],"iteration":982,"passed_time":5.735204294,"remaining_time":0.09918461139},
{"learn":[0.3868971252],"iteration":983,"passed_time":5.740671951,"remaining_time":0.09334425937},
{"learn":[0.3868469391],"iteration":984,"passed_time":5.746052094,"remaining_time":0.08750333138},
{"learn":[0.3868097178],"iteration":985,"passed_time":5.751183072,"remaining_time":0.08165980021},
{"learn":[0.3867718252],"iteration":986,"passed_time":5.756444322,"remaining_time":0.07581942876},
{"learn":[0.3867304179],"iteration":987,"passed_time":5.761962394,"remaining_time":0.06998334891},
{"learn":[0.3866868439],"iteration":988,"passed_time":5.767564022,"remaining_time":0.0641488415},
{"learn":[0.386479894],"iteration":989,"passed_time":5.773243467,"remaining_time":0.05831559058},
{"learn":[0.386397939],"iteration":990,"passed_time":5.77906384,"remaining_time":0.05248392993},
{"learn":[0.3863528188],"iteration":991,"passed_time":5.784477093,"remaining_time":0.04664900882},
{"learn":[0.3863135579],"iteration":992,"passed_time":5.789727989,"remaining_time":0.04081379247},
{"learn":[0.3862659607],"iteration":993,"passed_time":5.795246837,"remaining_time":0.03498136924},
{"learn":[0.3862284698],"iteration":994,"passed_time":5.800653301,"remaining_time":0.02914901156},
{"learn":[0.3861837819],"iteration":995,"passed_time":5.807880692,"remaining_time":0.02332482206},
{"learn":[0.3860988922],"iteration":996,"passed_time":5.814711513,"remaining_time":0.01749662441},
{"learn":[0.3860506948],"iteration":997,"passed_time":5.821566738,"remaining_time":0.01166646641},
{"learn":[0.3860007477],"iteration":998,"passed_time":5.828249124,"remaining_time":0.005834083207},
{"learn":[0.3859511871],"iteration":999,"passed_time":5.83379254,"remaining_time":0}
]}